"orig","preds_LR_7","preds_LR_lin","preds_LR_full"
0,0.0651392936848409,0.0155028829765074,2.22044604925031e-16
0,0.553997556075273,0.0136224583598057,2.22044604925031e-16
0,0.0280667342613898,1.2575831318075e-06,2.22044604925031e-16
0,0.00244193324955022,1.77282930845456e-09,2.22044604925031e-16
0,0.301847163019691,0.00208228466266475,2.22044604925031e-16
0,0.18797625282632,3.6937575681647e-09,2.22044604925031e-16
0,0.146032965596067,6.69156581573708e-07,2.22044604925031e-16
1,0.883713578033199,0.952620864395096,1
0,0.0619295163361175,3.71324197222765e-09,2.22044604925031e-16
0,0.25064545219437,0.241071882484659,2.22044604925031e-16
0,0.192676247704788,2.02334000886839e-08,2.22044604925031e-16
1,0.297846584737269,0.477169634066549,1
1,0.233190549083955,0.700958494482048,1
0,0.13121196651983,2.71551493259843e-07,2.22044604925031e-16
0,0.0328875654487254,2.14998113032634e-12,2.22044604925031e-16
0,0.277689221265018,0.327456015908622,2.22044604925031e-16
0,0.00891431953587271,2.22044604925031e-16,2.22044604925031e-16
0,0.0396124981604484,1.50996899254372e-06,2.22044604925031e-16
0,0.369197672574804,3.77291330125767e-05,2.22044604925031e-16
1,0.947511498648128,0.999995475941263,1
0,0.0325812112344387,1.12885575098169e-09,2.22044604925031e-16
1,0.676229960788616,0.984655468727055,1
0,0.0201294615380953,0.000395612314917781,2.22044604925031e-16
0,0.09938721822309,2.64182079940675e-05,2.22044604925031e-16
0,0.0113945861942486,2.22044604925031e-16,2.22044604925031e-16
0,0.359374983864842,4.2425673485117e-05,2.22044604925031e-16
1,0.533062557036917,0.991280009985522,1
1,0.0507039652865372,0.835655642918937,1
0,0.0419556829594366,7.54458965770672e-08,2.22044604925031e-16
0,0.170695075802002,1.21088424335098e-08,2.22044604925031e-16
0,0.0539982695592902,0.0104419395846292,2.22044604925031e-16
1,0.706080486314613,0.999749528530021,1
1,0.119879320547178,0.428029470974133,0.999999908804347
1,0.149491497332974,0.882197466838876,1
1,0.022896384582113,0.361699078037004,1
0,0.0405035049730647,1.1802848910652e-05,2.22044604925031e-16
1,0.893183666170384,0.937223811277774,1
0,0.0130216278020925,0.000205163182795018,2.22044604925031e-16
0,0.00373527711112515,4.83939234670913e-07,2.22044604925031e-16
1,0.699179195788506,0.999999805130442,1
0,0.790574408598777,0.0139720142251641,2.22044604925031e-16
0,0.0051069401875637,2.66060092245805e-11,2.22044604925031e-16
0,0.188098281309477,0.0859963261692855,2.22044604925031e-16
0,0.0626235960378544,0.0072769524352871,2.22044604925031e-16
0,0.010456995290679,2.11706923165002e-05,2.22044604925031e-16
1,0.493578887235563,0.999993249304942,1
0,0.0967507627160154,2.24770459602943e-06,2.22044604925031e-16
1,0.505024601989923,0.842185709719287,1
0,0.28298786804383,0.00269759284978029,2.22044604925031e-16
0,0.0355740568933957,2.02434450410131e-08,2.22044604925031e-16
0,0.0227591569219655,1.28252525137598e-06,2.22044604925031e-16
0,0.165868180018887,0.583383185786483,1.09445347188866e-09
0,0.232931862260542,0.000257390371145206,2.22044604925031e-16
0,0.0998337513228256,6.39544385931257e-05,2.22044604925031e-16
0,0.00547221137301011,4.91897883085463e-11,2.22044604925031e-16
0,0.0384838146032503,0.659876671939766,2.22044604925031e-16
0,0.126606425103028,0.000240084754376176,2.22044604925031e-16
0,0.318583283913062,0.0150506039072578,2.22044604925031e-16
1,0.962478124578831,0.999983097981624,1
0,0.110544095234621,8.29422075477598e-06,2.22044604925031e-16
0,0.0161156923868471,5.66818313242648e-07,2.22044604925031e-16
0,0.200815457741103,0.000727365677001303,2.22044604925031e-16
0,0.059719325602117,7.21354135242795e-08,2.22044604925031e-16
0,0.0979108725625673,1.22135203694605e-09,2.22044604925031e-16
1,0.887207584912369,0.999999991609359,1
1,0.865909508276647,0.999668804238819,1
0,0.0574295661382393,9.16541262487044e-07,2.22044604925031e-16
0,0.024967250334122,2.49235623481027e-08,2.22044604925031e-16
0,0.000894466440926121,2.22044604925031e-16,2.22044604925031e-16
0,0.611755559257694,0.415975925834916,5.74689963022782e-13
0,0.0523990502543536,3.91375606935361e-10,2.22044604925031e-16
0,0.406978134417483,0.000579936550530413,2.22044604925031e-16
0,0.103234106168788,0.0182058871898526,2.22044604925031e-16
0,0.0100198745723235,2.6809075653555e-07,2.22044604925031e-16
0,0.0172940555487537,1.63920341835836e-07,2.22044604925031e-16
0,0.040098873010272,1.07663224423637e-05,2.22044604925031e-16
0,0.0226784836050634,3.81872358306712e-12,2.22044604925031e-16
1,0.444354477735935,0.587680651940857,1
1,0.846773647553645,0.542157719932075,1
0,0.0458470260462556,3.48522474771996e-05,2.22044604925031e-16
0,0.00743910312304202,3.85915754598918e-09,2.22044604925031e-16
1,0.602661978387551,0.999813503573561,1
1,0.276260764433205,0.991031433612464,1
0,0.00163752142498232,9.03267812328042e-11,2.22044604925031e-16
0,0.0106889938750333,1.66656084169802e-09,2.22044604925031e-16
0,0.021037896547408,1.91870093428168e-12,2.22044604925031e-16
0,0.0599852703166448,0.000150829560647062,2.22044604925031e-16
1,0.357616647574096,0.561120945738067,1
1,0.286327910294174,0.971965019704724,1
0,0.67650214648435,0.00436462535919335,2.22044604925031e-16
0,0.188315111198795,0.201621731976753,2.22044604925031e-16
1,0.756538193753714,0.999522339282205,1
0,0.00147249387186992,1.85247397752502e-09,2.22044604925031e-16
0,0.0874351016533613,8.96823085258667e-05,2.22044604925031e-16
0,0.0036290704471064,2.22044604925031e-16,2.22044604925031e-16
0,0.0064756891018238,1.03245269566202e-08,2.22044604925031e-16
0,0.651353889044146,0.118058045259379,2.22044604925031e-16
1,0.967258220376707,0.999999866690234,1
0,0.111368287004866,2.39042289262332e-08,2.22044604925031e-16
0,0.214431940078007,6.2134125625087e-05,2.22044604925031e-16
0,0.0545576191229275,3.56392396490926e-06,2.22044604925031e-16
0,0.527551778552269,0.00207140495662224,2.22044604925031e-16
0,0.130168082223432,6.69203081637481e-08,2.22044604925031e-16
0,0.026357546413488,2.22044604925031e-16,2.22044604925031e-16
0,0.0796687778431188,1.27834321237752e-06,2.22044604925031e-16
0,0.0725868603323679,3.41525639780115e-08,2.22044604925031e-16
1,0.517713246485626,0.746741369497759,1
0,0.0132394361726807,1.22729705594043e-09,2.22044604925031e-16
1,0.134187525802563,0.999991179363188,1
0,0.134338787929511,0.201011926313896,2.22044604925031e-16
0,0.00493120596438355,4.46519130381263e-08,2.22044604925031e-16
1,0.436774319218815,0.992673328551526,1
0,0.00409817365382361,2.22044604925031e-16,2.22044604925031e-16
0,0.0315563397219411,1.53767433568051e-13,2.22044604925031e-16
0,0.00701348650380279,1.61153933635984e-07,2.22044604925031e-16
0,0.0848317710286815,0.0662656114833739,2.22044604925031e-16
0,0.00178894156903976,2.89491917754023e-12,2.22044604925031e-16
0,0.112974375440543,0.0473301575058184,2.22044604925031e-16
0,0.0211564402078084,0.947283197838401,2.22044604925031e-16
0,0.125709569175077,0.00377778650372276,2.22044604925031e-16
0,0.00861165911931209,1.05026763547323e-12,2.22044604925031e-16
0,0.0473501601639212,3.66930612425496e-07,2.22044604925031e-16
1,0.726831526198756,0.996449476279907,1
0,0.0023807447232186,3.66815526060292e-13,2.22044604925031e-16
0,0.39071831152491,0.00100571449760231,2.22044604925031e-16
0,0.00931731928555276,9.00389255215735e-12,2.22044604925031e-16
0,0.237267522178972,3.16521750571351e-07,2.22044604925031e-16
0,0.162293592394138,2.04454450891334e-08,2.22044604925031e-16
0,0.072811650141552,0.000252597818680509,2.22044604925031e-16
1,0.117490281293308,0.836061584390516,1
1,0.61010829333752,0.996688282171181,1
1,0.0493615832879152,0.999644520584066,1
0,0.00972187429907713,2.22044604925031e-16,2.22044604925031e-16
1,0.164837657999207,0.937594925061911,1
0,0.0525677234008917,0.00149512955912713,2.22044604925031e-16
0,0.0102428791988761,9.11922311533917e-10,2.22044604925031e-16
0,0.0515197312010331,0.000121992211795248,2.22044604925031e-16
0,0.118712718601008,4.75215466556249e-08,2.22044604925031e-16
0,0.0101549418005043,1.35527309954862e-05,2.22044604925031e-16
0,0.00437747988175083,4.37066814862493e-11,2.22044604925031e-16
0,0.0984723384471241,0.549530745926153,2.22044604925031e-16
0,0.00947764681487608,5.06734270036655e-11,2.22044604925031e-16
0,0.0216653223516689,6.91740711055244e-06,2.22044604925031e-16
1,0.478421085458398,0.998435885874929,1
1,0.4994946810104,0.99999266112463,1
0,0.000408779786822929,2.22044604925031e-16,2.22044604925031e-16
0,0.0995002501459256,3.55026962787242e-10,2.22044604925031e-16
0,0.0189468713289548,2.24617194170469e-06,2.22044604925031e-16
0,0.15898347575314,0.155486116653559,2.22044604925031e-16
0,0.442421822244677,0.0218128272970982,2.22044604925031e-16
0,0.147191103141477,0.346446554728915,2.22044604925031e-16
1,0.926785965101551,0.99845960545877,1
1,0.0691344723536817,0.997590988709897,1
0,0.0280705877792825,3.07437184790069e-06,2.22044604925031e-16
1,0.38379930417969,0.999792904326225,1
0,0.632616980072006,0.924875482879881,2.22044604925031e-16
0,0.1431165168104,2.09980752502199e-11,2.22044604925031e-16
0,0.00947705141532334,1.53533216952836e-11,2.22044604925031e-16
1,0.710491861340242,0.534624676015758,1
0,0.447948766578249,0.00413714927897277,2.22044604925031e-16
0,0.526841378687756,0.0198663187754082,2.22044604925031e-16
0,0.181581664645788,1.0325764294631e-06,2.22044604925031e-16
1,0.833319877371376,0.982009063938934,1
1,0.489038912822227,0.230689130561471,1
0,0.104240703945209,1.02368244490775e-13,2.22044604925031e-16
0,0.000459483017856432,2.22044604925031e-16,2.22044604925031e-16
0,0.093024060985431,0.000272392820038295,2.22044604925031e-16
0,0.0220101000567467,5.41560555920721e-09,2.22044604925031e-16
0,0.0325777418374738,1.3551068104547e-05,2.22044604925031e-16
0,0.272190622491616,0.000702096373439247,2.22044604925031e-16
0,0.120165329619891,1.58115645662271e-08,2.22044604925031e-16
0,0.0265371347778269,0.000708347515690203,2.22044604925031e-16
1,0.555131163812289,0.999504169198147,1
0,0.0686964747418596,2.09559214239407e-08,2.22044604925031e-16
0,0.287442584635228,0.0152785770238808,2.22044604925031e-16
1,0.828612781791449,0.999998700655707,1
0,0.0488016678219047,5.72557567498499e-08,2.22044604925031e-16
1,0.715487332065451,0.999868147217022,1
0,0.00342648659359947,4.90337188378212e-06,2.22044604925031e-16
0,0.0812001377137647,4.50135888849242e-05,2.22044604925031e-16
0,0.0127179370723985,4.36341867522197e-08,2.22044604925031e-16
1,0.849379448755573,0.87037054911398,1
0,0.00864897919893691,6.80353109858414e-09,2.22044604925031e-16
0,0.0476125359020941,4.24131016070489e-06,2.22044604925031e-16
1,0.782363632733864,0.977427215104433,1
1,0.343430827017909,0.995876034824438,1
1,0.429937857557149,0.99816359617512,1
0,0.00672768258766144,5.84860222614084e-12,2.22044604925031e-16
0,0.014674348195842,3.25118127363805e-10,2.22044604925031e-16
0,0.0732737737242726,8.98493217147134e-09,2.22044604925031e-16
0,0.116388019847323,2.60778228336751e-09,2.22044604925031e-16
0,0.265153929129756,6.40894400308875e-05,2.22044604925031e-16
0,0.0140039946210479,2.22044604925031e-16,2.22044604925031e-16
1,0.883447369728225,0.999833062361393,1
0,0.200690637831232,2.39889034268508e-07,2.22044604925031e-16
0,0.410005653001275,2.00839016279896e-05,2.22044604925031e-16
0,0.101718977888174,7.60204808205942e-06,2.22044604925031e-16
0,0.247332728287242,4.68439231886397e-07,2.22044604925031e-16
0,0.165412194699706,0.195113895692906,2.22044604925031e-16
0,0.446580283593144,1.03777450863458e-05,2.22044604925031e-16
0,0.236018165041735,0.00729304607094196,2.22044604925031e-16
0,0.00245810667299046,9.55191859273492e-07,2.22044604925031e-16
1,0.269856191734078,0.700596167211739,1
0,0.195699008848318,0.0674177634924508,2.22044604925031e-16
0,0.0224608104049332,1.77985107150408e-05,2.22044604925031e-16
0,0.0202762157120195,6.19314696239925e-10,2.22044604925031e-16
0,0.278182506831598,0.000336225731951096,2.22044604925031e-16
0,0.431970105424009,0.00121799325074961,2.22044604925031e-16
0,0.00244676291419168,1.46658882846579e-13,2.22044604925031e-16
1,0.820097737710857,0.999782863724715,1
0,0.012838891544319,1.95542215665644e-09,2.22044604925031e-16
0,0.00147141138923898,3.44274321389769e-13,2.22044604925031e-16
0,0.0175382904422456,2.67307276973049e-11,2.22044604925031e-16
0,0.000787534194878873,1.63259605373732e-12,2.22044604925031e-16
1,0.805327861341339,0.999998735134532,1
0,0.00383354855445935,1.91754396537276e-09,2.22044604925031e-16
1,0.20599041685335,0.969028468320741,1
1,0.24563227287897,0.987303015409711,1
0,0.097595702786832,0.00026451242671986,2.22044604925031e-16
1,0.542342479213417,0.987737695266856,1
0,0.0429655321113591,2.68782396059261e-07,2.22044604925031e-16
0,0.183149017844463,0.0201896526846292,2.22044604925031e-16
1,0.763078794137521,0.999999978107867,1
0,0.071114627022431,6.75294262259257e-05,2.22044604925031e-16
0,0.458149640328585,0.0153668596278068,2.22044604925031e-16
0,0.327245267045181,0.000324553988782543,2.22044604925031e-16
0,0.331867228552782,1.64496539075494e-07,2.22044604925031e-16
0,0.0217801291982747,8.83372369846794e-09,2.22044604925031e-16
0,0.0234236808981556,3.6734994532355e-12,2.22044604925031e-16
0,0.575019195658345,0.844980339312724,2.22044604925031e-16
0,0.0701511540460861,4.02682229133152e-09,2.22044604925031e-16
0,0.141970033359264,0.591194675688684,2.22044604925031e-16
1,0.467239467060358,0.989078787653664,1
1,0.418478734123149,0.98600414754778,1
0,0.220568269593714,0.00154881794641523,2.22044604925031e-16
0,0.17474368259873,0.000772430565821039,2.22044604925031e-16
0,0.100367875260455,2.37534039541188e-05,2.22044604925031e-16
0,0.0210290938576753,0.00133873824413243,2.22044604925031e-16
0,0.0388513855913499,6.43390356928135e-13,2.22044604925031e-16
0,0.164571843642541,0.144972320724501,2.22044604925031e-16
0,0.00753273217564822,7.90921051355624e-11,2.22044604925031e-16
0,0.153752695363716,0.572667320031201,2.22044604925031e-16
0,0.0932129048536978,0.0507816803839589,2.22044604925031e-16
1,0.605956615145071,0.989507808318701,1
0,0.0599996372704911,9.0379035092577e-09,2.22044604925031e-16
0,0.00603683241225186,7.02691477926127e-10,2.22044604925031e-16
0,0.325602888470477,5.89229100892716e-06,2.22044604925031e-16
0,0.289056467983703,1.37933543539871e-07,2.22044604925031e-16
1,0.713604903936394,0.998676519527427,1
1,0.800659365827823,0.994905375017699,1
0,0.00789434833139917,6.62368777092579e-12,2.22044604925031e-16
0,0.00839329934396814,1.16911223590087e-12,2.22044604925031e-16
0,0.451358409586453,3.18108043871647e-08,2.22044604925031e-16
0,0.011003009207743,9.74408892108323e-08,2.22044604925031e-16
0,0.00209465214650173,2.22044604925031e-16,2.22044604925031e-16
0,0.233169461783042,0.147670648560533,2.22044604925031e-16
0,0.236693003580337,0.000695685194758687,2.22044604925031e-16
0,0.0441196159843647,0.00454246208824809,2.22044604925031e-16
0,0.0959590247817855,0.281027542784571,2.22044604925031e-16
0,0.393672875428772,0.00242983399665143,2.22044604925031e-16
0,0.000180664308757449,2.22044604925031e-16,2.22044604925031e-16
0,0.354754884026927,0.01908861476919,2.22044604925031e-16
0,0.00379668476549659,2.2722458516459e-08,2.22044604925031e-16
0,0.0119702716119897,1.06071744737708e-11,2.22044604925031e-16
1,0.678269364024872,0.810331991884226,1
0,0.0196244334828279,3.39587577806458e-10,2.22044604925031e-16
1,0.469588888112959,0.969320704300626,1
0,0.122004073342171,5.77183086081954e-07,2.22044604925031e-16
0,0.702113537295191,0.0167705862516459,2.22044604925031e-16
0,0.0115451966431385,1.54383172985501e-12,2.22044604925031e-16
0,0.00544233814487633,9.9447270514014e-12,2.22044604925031e-16
0,0.03127883554724,0.0040353906700902,2.22044604925031e-16
1,0.0562753892654997,0.99486149878418,1
0,0.00173520328356914,0.000144812262108527,2.22044604925031e-16
1,0.312709619263172,0.32557715074166,1
0,0.670514196248033,1.60389374745318e-05,2.22044604925031e-16
0,0.0144480673478474,6.68644028192769e-09,2.22044604925031e-16
0,0.00732038323859586,2.22044604925031e-16,2.22044604925031e-16
0,0.369900100364621,0.00100740330547967,2.22044604925031e-16
0,0.000183549434777327,3.90378429193251e-12,2.22044604925031e-16
0,0.0362658601859371,2.21044169509904e-09,2.22044604925031e-16
0,0.511511950658636,0.0513392922768661,2.22044604925031e-16
0,0.12292985229659,0.000276507673229492,2.22044604925031e-16
0,0.122980668527661,2.21219695140265e-08,2.22044604925031e-16
0,0.0619822841434021,3.63311211111669e-07,2.22044604925031e-16
0,0.124034462365791,1.70441688388468e-06,2.22044604925031e-16
0,0.156794456832038,1.59915419784359e-05,2.22044604925031e-16
0,0.216142454012506,7.44828835876797e-05,2.22044604925031e-16
1,0.62540733216158,0.999999999892217,1
0,0.178034337653061,0.736776110115639,5.26537639712238e-06
1,0.96494231029932,0.999999273165153,1
0,0.0787636492825142,0.000353916066016198,2.22044604925031e-16
0,0.0195945824612201,2.03846523962764e-12,2.22044604925031e-16
0,0.0461033885511801,3.17321417430669e-08,2.22044604925031e-16
1,0.0851698714102555,0.978445308605571,1
0,0.0360906580514961,0.00011688381174348,2.22044604925031e-16
1,0.0865689731132828,0.975442147843623,1
1,0.343166844624932,0.430450580128664,1
0,0.0102359196872508,2.12231538137676e-06,2.22044604925031e-16
0,0.012909730236122,2.05479344712025e-05,2.22044604925031e-16
0,0.43964070336156,0.0035315529542234,2.22044604925031e-16
0,0.00136364764227249,1.47761246948482e-10,2.22044604925031e-16
0,0.35675619761625,9.67012931217452e-06,2.22044604925031e-16
0,0.848146739450265,0.0770214975218998,2.22044604925031e-16
0,0.204345719025692,4.74686892693077e-09,2.22044604925031e-16
0,0.00198106372170323,2.22044604925031e-16,2.22044604925031e-16
1,0.681355413350048,0.993676848323969,1
1,0.798610691647078,0.999770624515903,1
1,0.167946350102006,0.49892282429885,1
1,0.802382968923944,0.997361600272977,1
1,0.841807113215684,0.886572759478196,1
0,0.103990690945379,1.39724559909822e-06,2.22044604925031e-16
0,0.103143560325567,0.0708322429977741,2.22044604925031e-16
0,0.0385078715423331,0.0134670112649772,2.22044604925031e-16
0,0.00748072565724259,2.41299162565862e-10,2.22044604925031e-16
0,0.0538302792028623,5.09138276875361e-08,2.22044604925031e-16
0,0.0432749852747386,1.07869169031862e-05,2.22044604925031e-16
0,0.0264216625438507,3.55766976374667e-06,2.22044604925031e-16
0,0.863305203253616,0.0352198345644576,2.22044604925031e-16
0,0.248707686190999,0.0149957943907863,2.22044604925031e-16
0,0.0069072696693233,1.16353028465358e-07,2.22044604925031e-16
0,0.00322619460768794,3.04328137821962e-07,2.22044604925031e-16
0,0.0027843716115283,2.81252909751417e-11,2.22044604925031e-16
0,0.214321874766231,2.49465251078873e-05,2.22044604925031e-16
0,0.0286294391537546,6.4036961165471e-08,2.22044604925031e-16
0,0.0105038318214343,9.89246806580951e-07,2.22044604925031e-16
0,0.00420224831516715,2.22044604925031e-16,2.22044604925031e-16
0,0.407771857079419,0.0261443552611485,2.22044604925031e-16
0,0.0820641512807375,5.38076373516555e-05,2.22044604925031e-16
0,0.0270320014412198,0.000796621170490393,2.22044604925031e-16
0,0.00608294430642362,2.12884220791346e-10,2.22044604925031e-16
0,0.0112959285809407,4.43069508989253e-11,2.22044604925031e-16
1,0.570515691463238,0.999190411455136,1
0,0.388676925787697,0.00128213579337697,2.22044604925031e-16
0,0.0123077385715272,6.64450770723889e-05,2.22044604925031e-16
0,0.0780927933695775,0.741199225722636,2.22044604925031e-16
0,0.0121328866304615,2.5045775569326e-07,2.22044604925031e-16
0,0.470255020672179,1.41433059051307e-05,2.22044604925031e-16
0,0.123016783874336,0.0767069486806453,2.22044604925031e-16
1,0.73921672007777,0.803532458659618,1
1,0.290622721705954,0.999609339598045,1
1,0.872342807897329,0.999999121168701,1
0,0.0147204175751526,5.69859117953518e-12,2.22044604925031e-16
0,0.0148561064332457,0.0635495078407973,2.22044604925031e-16
0,0.0761582781243929,0.246023483276626,2.22044604925031e-16
0,0.0304719804620822,3.41088795456277e-05,2.22044604925031e-16
1,0.409970836160625,0.946665642656904,1
0,0.00241842010040683,4.32602366698036e-11,2.22044604925031e-16
0,0.00878773438824501,3.93220993950992e-09,2.22044604925031e-16
0,0.00224653165702669,2.19503535629398e-11,2.22044604925031e-16
0,0.0822808656350555,8.31870448209298e-07,2.22044604925031e-16
0,0.187022669329691,0.0566311663750586,2.22044604925031e-16
0,0.0157898971593454,6.26678021764896e-09,2.22044604925031e-16
1,0.179476047892341,0.925874439480848,1
0,0.0102490185628817,8.42011036015856e-07,2.22044604925031e-16
0,0.351251684084275,0.014393904053497,2.22044604925031e-16
1,0.41549955824616,0.355632452832585,1
1,0.199868616662779,0.929999427579302,1
0,0.0406475224257969,5.3841926320843e-12,2.22044604925031e-16
0,0.0211845826331412,3.00042249834235e-07,2.22044604925031e-16
0,0.0105832724323592,4.0820295782406e-10,2.22044604925031e-16
0,0.0137073808012591,1.11693766617869e-05,2.22044604925031e-16
0,0.124929095772824,0.806735553062071,8.6226552472873e-05
0,0.0246582270255906,2.31521804121107e-12,2.22044604925031e-16
0,0.0282721536734529,4.25176963676417e-08,2.22044604925031e-16
0,0.0693345017634878,1.87201067248332e-08,2.22044604925031e-16
0,0.040172541237402,0.00350104998508327,2.22044604925031e-16
0,0.00235008221149675,3.73672453252211e-09,2.22044604925031e-16
0,0.00923827477568871,3.11066295515008e-13,2.22044604925031e-16
0,0.0153659826782204,7.43238234073202e-09,2.22044604925031e-16
1,0.459692618697203,0.999241932698986,1
0,0.284514470098828,7.72099781048026e-05,2.22044604925031e-16
0,0.128048133654327,0.00305989506688065,2.22044604925031e-16
0,0.00820468836621867,3.15742131508644e-07,2.22044604925031e-16
1,0.80451924470036,0.999266552735164,1
1,0.119485511674285,0.657240583897008,0.997082550679328
0,0.18620028062323,0.0699822811184035,2.22044604925031e-16
0,0.0602571136735624,4.9777657004116e-05,2.22044604925031e-16
1,0.277545105882434,0.72550515448072,1
0,0.447103961782735,0.226002825529353,4.91000391428857e-08
0,0.044047541716059,2.62978359280687e-07,2.22044604925031e-16
0,0.0155389082181932,1.72335702796289e-09,2.22044604925031e-16
0,0.13053012155574,1.1332471453663e-06,2.22044604925031e-16
0,0.106342032786254,2.24347339854084e-09,2.22044604925031e-16
0,0.163800621847133,1.15858938093669e-05,2.22044604925031e-16
0,0.665408103807631,0.400292699262047,2.22044604925031e-16
0,0.0397868031800757,0.000390954424553259,2.22044604925031e-16
0,0.0150797501462387,1.86690338297265e-08,2.22044604925031e-16
0,0.0963795873704768,1.66092589133574e-08,2.22044604925031e-16
1,0.231154038817025,0.283737921129502,1
0,0.070334301608376,0.0012165527505612,2.22044604925031e-16
1,0.688942319477793,0.999490008227943,1
0,0.926221906056497,0.729035484190481,2.22044604925031e-16
0,0.0057782830860247,0.000347582809252902,2.22044604925031e-16
0,0.0799808478345899,0.0133077707415346,2.22044604925031e-16
0,0.0354298107118951,2.33515342192389e-07,2.22044604925031e-16
1,0.274911476881851,0.918563797549459,1
0,0.0179238480027552,3.68483199089125e-11,2.22044604925031e-16
0,0.0768030472581371,0.245464584515476,2.22044604925031e-16
0,0.14233663749789,0.10451885732967,2.22044604925031e-16
0,0.0108853561276278,3.3116201974017e-08,2.22044604925031e-16
0,0.0116808003408845,4.29177607759429e-06,2.22044604925031e-16
0,0.0126452171662624,3.57821637761813e-08,2.22044604925031e-16
0,0.00854881016475633,4.75717664236427e-09,2.22044604925031e-16
1,0.531222630284335,0.999981825445944,1
0,0.00947266190046477,1.52877797494366e-12,2.22044604925031e-16
0,0.505865833395149,0.0164179482437191,2.22044604925031e-16
0,0.00363664454871566,4.14918243713683e-13,2.22044604925031e-16
0,0.00622156878324106,2.22044604925031e-16,2.22044604925031e-16
0,0.098030308523566,4.00573218254396e-05,2.22044604925031e-16
1,0.681074893133599,0.972159456429266,1
1,0.377341445156618,0.244025036626268,1
1,0.675927522316241,0.797852515327342,1
0,0.00575581619566158,2.22044604925031e-16,2.22044604925031e-16
0,0.0400157263326924,0.000152513310589394,2.22044604925031e-16
1,0.919874503676419,0.999498473906067,1
0,0.34152955014376,0.000101838730092303,2.22044604925031e-16
0,0.0621953159921163,5.49435636808136e-08,2.22044604925031e-16
0,0.00498187839739706,2.45844462929148e-05,2.22044604925031e-16
0,0.265143722384416,0.058734687602928,2.22044604925031e-16
0,0.416547275259087,0.0908139137320432,2.22044604925031e-16
0,0.0602719401761311,0.0106015703349634,2.22044604925031e-16
0,0.00509664438795328,6.10772630111199e-09,2.22044604925031e-16
0,0.160553063202045,8.64464730354483e-09,2.22044604925031e-16
1,0.302225306792116,0.996818676219016,1
1,0.214285389655382,0.994174294768938,1
1,0.573549809701099,0.994052628157656,1
0,0.00548005055080258,1.65367472344397e-11,2.22044604925031e-16
0,0.464918756104923,0.000106870327316618,2.22044604925031e-16
0,0.0732505434267901,2.87525280615745e-08,2.22044604925031e-16
0,0.159558806562403,0.0171621699734056,2.22044604925031e-16
0,0.00309849013544736,3.18936871986306e-08,2.22044604925031e-16
0,0.262235311613254,4.43238873793438e-05,2.22044604925031e-16
0,0.439364085360329,0.000885058655072013,2.22044604925031e-16
1,0.103905454615257,0.992306181414465,1
0,0.00577822873748736,0.0047830611791467,2.22044604925031e-16
0,0.207346366490614,0.120391324561002,2.22044604925031e-16
0,0.024642928268395,1.1992991455325e-09,2.22044604925031e-16
0,0.0164184433494216,7.26395512027415e-08,2.22044604925031e-16
0,0.00218071079778669,2.22044604925031e-16,2.22044604925031e-16
0,0.0496029202609184,1.03696937855887e-07,2.22044604925031e-16
0,0.040031824128286,9.5412138477661e-09,2.22044604925031e-16
0,0.00204145554420285,5.78121262894067e-11,2.22044604925031e-16
0,0.0654072473614191,6.9947286612875e-07,2.22044604925031e-16
0,0.00396296175291084,3.27753779192958e-12,2.22044604925031e-16
0,0.361531007744712,0.0199465314777498,2.22044604925031e-16
0,0.504694049523895,0.00837685427061546,2.22044604925031e-16
0,0.0542208876311461,1.50723172302389e-06,2.22044604925031e-16
1,0.607507726281009,0.977459863998155,1
0,0.00867673612174674,2.22044604925031e-16,2.22044604925031e-16
1,0.518854707283739,0.99999893834249,1
0,0.153800254753192,0.00366191579351634,2.22044604925031e-16
0,0.00509255562255134,2.22044604925031e-16,2.22044604925031e-16
0,0.00229322116428035,2.05922684324966e-10,2.22044604925031e-16
0,0.26851814935948,4.0940644258892e-06,2.22044604925031e-16
0,0.0134182948029336,1.13607807783753e-07,2.22044604925031e-16
0,0.0395782868787544,5.15008791465676e-11,2.22044604925031e-16
0,0.0503606500430287,0.000203393495474984,2.22044604925031e-16
0,0.224572017039006,2.17596787827518e-06,2.22044604925031e-16
0,0.112522734642346,3.90213722547172e-06,2.22044604925031e-16
0,0.044480340088009,0.166116142877847,2.22044604925031e-16
0,0.00254680705040384,7.79550229270983e-07,2.22044604925031e-16
0,0.158200600365604,0.00104286458154527,2.22044604925031e-16
0,0.16633181469403,0.073909364422531,2.22044604925031e-16
1,0.250495522588886,0.995144726774058,1
0,0.0481698612618875,0.000169790204487776,2.22044604925031e-16
0,0.0109519119201277,3.40423760794342e-09,2.22044604925031e-16
0,0.0135386650784187,2.22044604925031e-16,2.22044604925031e-16
0,0.354589540899619,0.0709609787164627,2.22044604925031e-16
0,0.035887019626653,2.51015606205612e-07,2.22044604925031e-16
0,0.566036440355235,0.00269524906027805,2.22044604925031e-16
1,0.667895333799465,0.970915880336108,1
0,0.296886170088607,0.0543236810244755,2.22044604925031e-16
1,0.415543679906616,0.930686034850821,1
0,0.0574024275999483,9.35033532537573e-08,2.22044604925031e-16
1,0.35182275739002,0.941941847644391,1
0,0.816414234530602,0.643716741491229,2.22044604925031e-16
0,0.039557139046506,0.000457998247838271,2.22044604925031e-16
0,0.0985246555841405,0.000120952063732455,2.22044604925031e-16
1,0.231506840880164,0.958975042669047,1
0,0.248803328946606,0.00544797076829013,2.22044604925031e-16
0,0.160084359640692,5.16753593902445e-08,2.22044604925031e-16
0,0.0104237565768307,3.10188971735491e-10,2.22044604925031e-16
0,0.288227281628798,0.00386633038011344,2.22044604925031e-16
0,0.0100620917913827,1.89025746535111e-07,2.22044604925031e-16
0,0.106479585728669,0.000117694051532504,2.22044604925031e-16
0,0.012448494066357,0.0130910803915084,2.22044604925031e-16
0,0.0374377192706865,0.00209272161482476,2.22044604925031e-16
0,0.0184993475007501,1.19365844806839e-10,2.22044604925031e-16
0,0.514925723097227,4.3784390207052e-07,2.22044604925031e-16
0,0.0579637840297558,5.04495043279022e-08,2.22044604925031e-16
0,0.0671543707276558,4.12842801013736e-09,2.22044604925031e-16
1,0.62755787502006,0.999222562242859,1
0,0.84762489555376,0.874340869143452,2.22044604925031e-16
0,0.270065395126727,0.0558940414742503,2.22044604925031e-16
0,0.197551233222931,0.193633294760814,2.22044604925031e-16
1,0.766519238261748,0.997168934734831,1
0,0.0475333680486986,3.97233976524539e-08,2.22044604925031e-16
0,0.454053650421192,0.655079991335115,2.22044604925031e-16
0,0.009724375903367,0.000505707214439468,2.22044604925031e-16
0,0.0225236078749266,7.83447495618636e-12,2.22044604925031e-16
0,0.0410041256803489,7.78741084002928e-08,2.22044604925031e-16
0,0.0476119571842401,6.39283010084958e-06,2.22044604925031e-16
0,0.209086690564105,4.53412290158229e-05,2.22044604925031e-16
0,0.0569574980948242,3.27591799133966e-13,2.22044604925031e-16
0,0.0659086888935934,1.09542342778906e-07,2.22044604925031e-16
0,0.138219887422927,0.0160355242421972,2.22044604925031e-16
0,0.0183795138123464,8.66747354960477e-10,2.22044604925031e-16
0,0.00461423298658471,1.96406073243849e-09,2.22044604925031e-16
0,0.000421503639018442,2.22044604925031e-16,2.22044604925031e-16
0,0.346633777810386,0.180856637418511,2.22044604925031e-16
0,0.132647895886746,0.0299031688211597,2.22044604925031e-16
0,0.656629608423302,0.0264235975139443,2.22044604925031e-16
0,0.113967362091214,0.012239359562286,2.22044604925031e-16
0,0.0126548863634658,1.32673440134397e-05,2.22044604925031e-16
0,0.281952763408343,0.00227023597598041,2.22044604925031e-16
0,0.0359788443560415,1.16337748802637e-07,2.22044604925031e-16
1,0.347155651267601,0.992418421388333,1
1,0.770885005117987,0.99999999981562,1
0,0.297649453787922,0.0498381832245583,2.22044604925031e-16
0,0.457065046697066,0.0679089600679623,2.22044604925031e-16
1,0.523307808028317,0.984908805552847,1
0,0.075220076448585,9.25912391455427e-09,2.22044604925031e-16
0,0.209024439562924,2.18641138118097e-07,2.22044604925031e-16
0,0.0466638043780071,2.67720721078745e-07,2.22044604925031e-16
0,0.0550756571179278,2.41977580760994e-05,2.22044604925031e-16
0,0.0210621453733963,1.67126960477899e-11,2.22044604925031e-16
0,0.101577362405399,0.0636373845099269,2.22044604925031e-16
1,0.843980954334098,0.999999940748976,1
0,0.0384034890013364,2.05193200342724e-06,2.22044604925031e-16
0,0.00632849423551172,3.3007994061946e-11,2.22044604925031e-16
0,0.350214526319548,0.0151845779812585,2.22044604925031e-16
0,0.175252452822335,2.13124917257449e-06,2.22044604925031e-16
0,0.0109222931920603,9.46624588641989e-06,2.22044604925031e-16
0,0.0384178451136608,0.00123826566559833,2.22044604925031e-16
0,0.0835492646713267,8.46471403663221e-09,2.22044604925031e-16
0,0.393991223434854,0.0519850013635133,2.22044604925031e-16
0,0.389804548996662,1.32713222874119e-05,2.22044604925031e-16
0,0.000193430986937028,2.22044604925031e-16,2.22044604925031e-16
0,0.0279529799873054,0.0204612599309775,2.22044604925031e-16
1,0.791367158396225,0.89259419657481,1
0,0.107327781483484,2.98458608846594e-06,2.22044604925031e-16
1,0.690812658385107,0.999973065159497,1
1,0.218809887389683,0.907240250578625,1
0,0.103986600429513,0.000309469545000295,2.22044604925031e-16
1,0.412974270604291,0.999905311897073,1
0,0.174031617273571,0.000265895405538677,2.22044604925031e-16
0,0.00493153795512043,3.26472402598377e-06,2.22044604925031e-16
0,0.0423369734116411,2.99885056788934e-07,2.22044604925031e-16
0,0.227415538270028,0.107329077181549,2.22044604925031e-16
0,0.0531439848848174,2.83585768001821e-11,2.22044604925031e-16
0,0.0163911759176818,9.07539971387803e-09,2.22044604925031e-16
0,0.213365747402958,0.000156003947951837,2.22044604925031e-16
0,0.120933050659285,2.75509442276107e-10,2.22044604925031e-16
0,0.0683708007712303,0.010491456737481,2.22044604925031e-16
0,0.00815039836487264,2.22044604925031e-16,2.22044604925031e-16
0,0.462563690605001,0.0674944958305517,2.22044604925031e-16
0,0.00158419969076373,1.95101134993782e-07,2.22044604925031e-16
0,0.00378187432878039,6.34173515500795e-07,2.22044604925031e-16
0,0.0223572290995708,1.70053399384087e-08,2.22044604925031e-16
0,0.0831025194620734,0.00396081135342736,2.22044604925031e-16
0,0.451482003450982,0.172299817116982,2.22044604925031e-16
0,0.144797972248521,0.132599136615093,2.22044604925031e-16
0,0.06982931385584,5.13266339039028e-10,2.22044604925031e-16
0,0.231656428528808,0.000245010590781847,2.22044604925031e-16
0,0.205643635031871,0.00878741367055175,2.22044604925031e-16
0,0.0481710870592177,0.00191293375858949,2.22044604925031e-16
0,0.0308198587166469,0.000859272804166695,2.22044604925031e-16
0,0.00264183074765898,0.000381903362473853,2.22044604925031e-16
0,0.193170367179948,1.02315327050913e-09,2.22044604925031e-16
1,0.179455639640147,0.989165741815127,1
0,0.0516279069278545,0.0222638467586015,2.22044604925031e-16
1,0.784228324579922,0.99999999962239,1
1,0.408730956350127,0.891133810530719,1
1,0.913688667785213,0.999802605723612,1
0,0.0473157506668865,1.59826161495394e-07,2.22044604925031e-16
0,0.044938116004487,0.00045935708975697,2.22044604925031e-16
1,0.906426015645569,0.999997870608191,1
0,0.00402290899110392,9.34780760729708e-11,2.22044604925031e-16
0,0.791150923592247,0.324372742379555,2.22044604925031e-16
0,0.184817258583602,0.107128840539064,2.22044604925031e-16
0,0.294309656298091,0.0176289776289384,2.22044604925031e-16
0,0.0248645461823958,3.15155171028873e-07,2.22044604925031e-16
0,0.218352992674547,0.0073835645783283,2.22044604925031e-16
0,0.0101275637008201,1.64352912592919e-09,2.22044604925031e-16
0,0.0184415425062249,5.48471184930619e-13,2.22044604925031e-16
1,0.572613765403545,0.760561775645891,1
0,0.184051636681965,0.0189096720412378,2.22044604925031e-16
0,0.0210920998029109,1.70689943759977e-06,2.22044604925031e-16
0,0.0516578591960191,1.40476542222223e-10,2.22044604925031e-16
0,0.130614214369018,0.000244414363436839,2.22044604925031e-16
0,0.00632307815255228,2.17866383640378e-08,2.22044604925031e-16
0,0.267542416653917,3.28555401043779e-09,2.22044604925031e-16
1,0.784510575502826,0.97564014038676,1
0,0.0456547400352274,0.000104043636367321,2.22044604925031e-16
0,0.0965083536420693,4.05635503369425e-05,2.22044604925031e-16
0,0.2175241850987,0.000821947377172511,2.22044604925031e-16
1,0.625509211641277,0.941587336215264,1
1,0.124409570492136,0.901493212776167,1
0,0.539584914279198,0.000496236434498859,2.22044604925031e-16
1,0.750469376205004,0.906189534869078,1
0,0.0233680665746147,3.30295877773582e-06,2.22044604925031e-16
0,0.0441190486163092,0.0499156277629136,2.22044604925031e-16
0,0.281910748721497,2.61000955330979e-05,2.22044604925031e-16
0,0.102938953286885,0.00249444088799991,2.22044604925031e-16
0,0.110562211703285,2.6719503676709e-06,2.22044604925031e-16
0,0.489670125013138,0.00214484753812142,2.22044604925031e-16
1,0.151804261497672,0.964390551340607,1
0,0.211244972678468,5.12247353768253e-08,2.22044604925031e-16
0,0.0383040327037414,1.50094704629295e-06,2.22044604925031e-16
0,0.00987331752188212,3.12281832350433e-12,2.22044604925031e-16
0,0.0061111071104782,0.000132232023287902,2.22044604925031e-16
1,0.306866242560133,0.833210960256865,1
0,0.130132813631476,0.00790863380121577,2.22044604925031e-16
0,0.0652881649842067,1.34217663522722e-05,2.22044604925031e-16
0,0.0156704562648828,6.33047307755612e-07,2.22044604925031e-16
0,0.0126136851205163,1.14368455514563e-13,2.22044604925031e-16
1,0.698794399438368,0.413177598643762,1
0,0.374368658580243,9.15312604221858e-08,2.22044604925031e-16
0,0.0301838885840421,1.38340873116308e-08,2.22044604925031e-16
0,0.877072431348935,0.0209779837937349,2.22044604925031e-16
0,0.0360431929211796,9.76173716766227e-07,2.22044604925031e-16
0,0.00666540467248568,3.09885371657517e-08,2.22044604925031e-16
0,0.0180705744464024,0.000341679527308718,2.22044604925031e-16
1,0.853660664852557,0.999997685667938,1
0,0.00697306577626584,0.00061244415558116,2.22044604925031e-16
0,0.108312632680451,2.1416413813509e-05,2.22044604925031e-16
1,0.824158512343218,0.999980750188055,1
0,0.0262509355815201,3.33965712483161e-13,2.22044604925031e-16
0,0.016883268065243,7.5481055951813e-05,2.22044604925031e-16
0,0.11025300258911,5.21756819622615e-06,2.22044604925031e-16
0,0.023983952455566,2.22044604925031e-16,2.22044604925031e-16
1,0.748413857674548,0.999984565474112,1
0,0.172389902817314,0.0121871918396186,2.22044604925031e-16
0,0.0461471890810769,2.22044604925031e-16,2.22044604925031e-16
0,0.0276371868667936,2.19415744256924e-07,2.22044604925031e-16
0,0.245547078655872,0.71452770088506,2.22044604925031e-16
1,0.577591885029212,0.999868023711281,1
0,0.0203245644614181,1.66413640894685e-09,2.22044604925031e-16
0,0.280882933925145,4.57606138989573e-07,2.22044604925031e-16
0,0.0128591615554618,0.00514879624627999,2.22044604925031e-16
0,0.0240231444833517,1.94793602166062e-09,2.22044604925031e-16
0,0.0712725833498224,5.93116707069553e-09,2.22044604925031e-16
1,0.881741936478368,0.905840440759475,1
0,0.00507841164030927,2.69580895836597e-09,2.22044604925031e-16
1,0.846749057939987,0.999984653418165,1
0,0.314859470686704,5.4316917450446e-12,2.22044604925031e-16
0,0.268397631747176,0.111308467401869,2.22044604925031e-16
0,0.181741747704604,0.749329873564611,2.22044604925031e-16
1,0.315741373338769,0.899371350476253,1
0,0.00135576311759154,4.92827612927711e-13,2.22044604925031e-16
0,0.070363976126814,5.7445211614312e-06,2.22044604925031e-16
1,0.70451327539508,0.998784597528348,1
1,0.329128830971847,0.826496217627658,1
0,0.000144106763451259,2.22044604925031e-16,2.22044604925031e-16
0,0.0226925602859179,0.00815974434984511,2.22044604925031e-16
0,0.131010599940151,0.000197789399910337,2.22044604925031e-16
0,0.00612649094087887,2.87784546921126e-11,2.22044604925031e-16
0,0.0385192580624758,2.17139656541169e-11,2.22044604925031e-16
0,0.0032942003000102,1.38306163759099e-12,2.22044604925031e-16
0,0.211529635657476,1.96206810590712e-05,2.22044604925031e-16
1,0.797711216908088,0.999999451281297,1
0,0.104113614487411,2.75594280122397e-05,2.22044604925031e-16
0,0.0041395098734745,2.22044604925031e-16,2.22044604925031e-16
0,0.0942815620869064,9.89994460610568e-09,2.22044604925031e-16
1,0.483641994649872,0.998834550102082,1
0,0.158864274322134,6.21905276362077e-05,2.22044604925031e-16
0,0.297032029181775,0.000123012371694751,2.22044604925031e-16
0,0.0344460112420777,0.70607081171295,2.22044604925031e-16
0,0.0145100354136142,0.00972123025299689,2.22044604925031e-16
0,0.00543610964226086,2.43997011831759e-12,2.22044604925031e-16
0,0.175839131648055,1.91923089476754e-07,2.22044604925031e-16
0,0.0184995213318099,7.97490136752772e-10,2.22044604925031e-16
0,0.0729458792112735,6.48009104355417e-05,2.22044604925031e-16
1,0.14371633458862,0.998532994816409,1
0,0.0913219855828895,2.48181205442091e-07,2.22044604925031e-16
0,0.0236039003321251,1.08617947206569e-06,2.22044604925031e-16
0,0.00470882515025565,2.22044604925031e-16,2.22044604925031e-16
0,0.0121480755155478,7.8991153373273e-06,2.22044604925031e-16
0,0.000984033959579224,6.9319025468968e-08,2.22044604925031e-16
0,0.165434650420893,0.114809985129939,2.22044604925031e-16
0,0.0161158267349605,1.16625034213808e-08,2.22044604925031e-16
0,0.0127233013184993,9.89700908662878e-07,2.22044604925031e-16
0,0.0119562425897989,3.82893958434257e-06,2.22044604925031e-16
0,0.020815043009642,4.2649626147056e-06,2.22044604925031e-16
0,0.034582131579039,0.000964258288534691,2.22044604925031e-16
0,0.0128774791426205,1.76347358100558e-11,2.22044604925031e-16
0,0.00903285947669718,8.50162950462653e-06,2.22044604925031e-16
0,0.186475715024837,0.000693918550457677,2.22044604925031e-16
0,0.346781918921931,0.106701712803057,2.22044604925031e-16
0,0.0159599526788543,7.74875778128998e-13,2.22044604925031e-16
0,0.059495315384155,2.32011910207163e-08,2.22044604925031e-16
0,0.0179339982894258,1.95865412105957e-05,2.22044604925031e-16
0,0.0371119493573252,5.44672493961441e-08,2.22044604925031e-16
0,0.0757929184342984,9.10588185555861e-05,2.22044604925031e-16
1,0.498081253743699,0.535273166940878,1
0,0.00659527309534172,2.22044604925031e-16,2.22044604925031e-16
0,0.00855017527858103,1.09174410884449e-05,2.22044604925031e-16
0,0.583551116307908,9.89385858667956e-05,2.22044604925031e-16
0,0.0703270225338321,1.39005022868915e-12,2.22044604925031e-16
0,0.138339586932235,0.053713843389237,2.22044604925031e-16
0,0.00067892300621926,2.22044604925031e-16,2.22044604925031e-16
1,0.369635189249935,0.19557188025377,1
0,0.00631094752359243,3.12053064363548e-12,2.22044604925031e-16
0,0.00564013840339595,3.89440745793675e-09,2.22044604925031e-16
1,0.614070345964314,0.999999997833376,1
0,0.0353294953127044,2.67517818896195e-06,2.22044604925031e-16
0,0.179372046013505,6.55586146948062e-08,2.22044604925031e-16
0,0.130224993183767,0.113623334722189,2.22044604925031e-16
0,0.408117068879752,0.667259690014788,2.22044604925031e-16
1,0.603808440066281,0.999432129852919,1
0,0.412155734590433,0.23164024308906,2.22044604925031e-16
0,0.0403981625143454,1.10766272357846e-12,2.22044604925031e-16
0,0.003448210312788,2.22044604925031e-16,2.22044604925031e-16
0,0.695732861462175,0.0238348695489205,2.22044604925031e-16
0,0.193098882943769,0.168624865716577,2.22044604925031e-16
0,0.00829696180005209,1.13895194115958e-05,2.22044604925031e-16
1,0.25216083076939,0.786385083036018,1
0,0.00321810828080144,2.02389723817315e-13,2.22044604925031e-16
0,0.0938296481453876,0.000989344982045798,2.22044604925031e-16
0,0.0224593310457175,3.38884031115533e-08,2.22044604925031e-16
0,0.00339320129912214,3.45725167642722e-08,2.22044604925031e-16
0,0.00107566244224883,2.22044604925031e-16,2.22044604925031e-16
0,0.106009063256282,0.00696823774436179,2.22044604925031e-16
0,0.00459952525860496,2.19284325214858e-08,2.22044604925031e-16
0,0.388687960371351,0.0112957396198232,2.22044604925031e-16
0,0.13008640381898,6.81770797302451e-10,2.22044604925031e-16
0,0.406125476801558,0.364271458987379,2.22044604925031e-16
0,0.000467246781685072,1.36296351989165e-11,2.22044604925031e-16
0,0.0786807637607997,0.00169363681596549,2.22044604925031e-16
0,0.0266526305403007,8.22620829764713e-09,2.22044604925031e-16
0,0.139872610271757,2.68530781240802e-07,2.22044604925031e-16
0,0.000632133566352964,2.22044604925031e-16,2.22044604925031e-16
0,0.0450614841253582,2.22044604925031e-16,2.22044604925031e-16
1,0.354464057505665,0.973387619310298,1
0,0.0175928771899166,3.16373370596548e-11,2.22044604925031e-16
0,0.0167422604861638,3.90658512443212e-07,2.22044604925031e-16
1,0.934704230976694,0.999999999992638,1
0,0.00154360717799906,2.22044604925031e-16,2.22044604925031e-16
0,0.835056974000711,1.39243787867608e-06,2.22044604925031e-16
0,0.000282375959845163,2.22044604925031e-16,2.22044604925031e-16
0,0.0823347266457072,0.131339829217821,2.22044604925031e-16
1,0.81543423320585,0.998641963285551,1
1,0.727166568452311,0.999999863333661,1
0,0.0702754079510267,3.27208316715198e-06,2.22044604925031e-16
0,0.0650530281484143,4.34911244968417e-06,2.22044604925031e-16
1,0.741799848470907,0.999973304575215,1
0,0.0123170662794271,8.58081963759147e-10,2.22044604925031e-16
0,0.00168563056480185,2.22044604925031e-16,2.22044604925031e-16
1,0.143010026265423,0.999706330386484,1
0,0.0847868096339487,1.1378735813599e-06,2.22044604925031e-16
0,0.00283504947649314,6.60654693432287e-11,2.22044604925031e-16
0,0.156995160646276,5.1739648423157e-05,2.22044604925031e-16
0,0.438096217999481,0.00957437443483387,2.22044604925031e-16
0,0.124542104500414,0.000389047771469828,2.22044604925031e-16
0,0.00994556706124081,5.22101234463936e-10,2.22044604925031e-16
0,0.777515384273488,0.0208239057280033,2.22044604925031e-16
0,0.0167978362000303,0.00366876609651948,2.22044604925031e-16
1,0.821951438578106,0.999950785524197,1
0,0.0343000551111969,1.49887765910464e-08,2.22044604925031e-16
0,0.00626382692702945,5.09657048103185e-10,2.22044604925031e-16
0,0.00548230093412545,9.81372351960362e-09,2.22044604925031e-16
0,0.498793012413965,0.00120182000848395,2.22044604925031e-16
0,0.75955810193006,1.76901042544289e-05,2.22044604925031e-16
0,0.211692899513903,0.355431288498454,2.22044604925031e-16
1,0.0586514354861155,0.999991170881496,1
0,0.444804819767712,0.00459864797581299,2.22044604925031e-16
0,0.00503518969033718,9.51331303583832e-05,2.22044604925031e-16
0,0.0173078902767845,2.79779508924729e-10,2.22044604925031e-16
0,0.695948352434381,0.0178559457536714,2.22044604925031e-16
0,0.529537708020419,0.000817952598443349,2.22044604925031e-16
0,0.549102628424091,0.00725668667737205,2.22044604925031e-16
0,0.0295985175862672,0.0361610582565246,2.22044604925031e-16
0,0.0456671002003476,8.91048618734059e-10,2.22044604925031e-16
1,0.577435403139804,0.999638876803849,1
0,0.0679894975753084,9.49043021895196e-08,2.22044604925031e-16
0,0.218132070321689,0.580181026556327,1.41523349722023e-05
0,0.207860313706398,0.145142772739332,2.22044604925031e-16
0,0.0269792849463542,8.7504998807548e-09,2.22044604925031e-16
0,0.100904758331722,0.0091744699136172,2.22044604925031e-16
0,0.0352121811454967,8.18845944300552e-07,2.22044604925031e-16
0,0.341565171796287,0.125465877429165,2.22044604925031e-16
0,0.147364118147111,0.0376994208780386,2.22044604925031e-16
0,0.0534044791926036,3.11791362643225e-09,2.22044604925031e-16
1,0.0177895984968678,0.189914766162086,1
0,0.072936333502867,8.55591870913655e-13,2.22044604925031e-16
0,0.00944335872487182,1.34767438101880e-12,2.22044604925031e-16
0,0.00622925057697683,1.33113956140904e-10,2.22044604925031e-16
1,0.693578138410713,0.999999992213693,1
0,0.356885309684375,0.000791551322804642,2.22044604925031e-16
0,0.221027229669516,0.000566918909051544,2.22044604925031e-16
1,0.0780678808950379,0.989976841283235,1
0,0.00460863608133313,3.0497828171972e-10,2.22044604925031e-16
0,0.0439127708906239,1.17752209944575e-06,2.22044604925031e-16
0,0.126195638405048,0.000106391975107075,2.22044604925031e-16
0,0.0669992362286746,3.95489257194461e-12,2.22044604925031e-16
0,0.0381236051157779,1.32951362056385e-06,2.22044604925031e-16
1,0.752790761058537,0.999999981896626,1
0,0.215685038711212,1.62532365349089e-06,2.22044604925031e-16
0,0.0338716381346129,0.288801094576817,7.65726561544414e-07
0,0.00312340217266505,2.73746888975683e-08,2.22044604925031e-16
0,0.282666776874648,3.20445097203223e-05,2.22044604925031e-16
0,0.0129976664761115,7.29765217559077e-07,2.22044604925031e-16
0,0.0624765796437491,1.74533335692405e-09,2.22044604925031e-16
0,0.0156112507883119,5.51308761665513e-08,2.22044604925031e-16
0,0.0308187485408436,2.88969639710782e-08,2.22044604925031e-16
0,0.458045885947701,0.136791530221193,2.22044604925031e-16
1,0.70426743923248,0.999856768607596,1
0,0.040112938404469,0.0053667455651886,2.22044604925031e-16
0,0.00609554089948696,8.37058168215176e-09,2.22044604925031e-16
0,0.00516707542642512,2.75821224676824e-05,2.22044604925031e-16
1,0.0319158152436399,0.981903120061771,1
0,0.121642595055194,0.0193439741148992,2.22044604925031e-16
1,0.0722054771499008,0.879321904696617,1
0,0.00169128716868074,3.5312828022264e-11,2.22044604925031e-16
0,0.406479552320665,0.00671249800497428,2.22044604925031e-16
0,0.0322876088506891,0.00343438027572554,2.22044604925031e-16
1,0.807536480577784,0.999991277356315,1
1,0.250328058904558,0.434509182319107,1
0,0.112512757754216,3.83605557492249e-08,2.22044604925031e-16
0,0.0152784039778063,1.01195233612261e-07,2.22044604925031e-16
0,0.140019193615514,0.603226054816953,2.22044604925031e-16
1,0.313271561706333,0.984865084228656,1
0,0.00707138079641886,1.50231866275104e-13,2.22044604925031e-16
0,0.157235467128769,3.98978333526316e-07,2.22044604925031e-16
0,0.0265191505216131,6.61561243171592e-07,2.22044604925031e-16
1,0.532282723173957,0.998314005249397,1
0,0.123638803426552,1.29075339805948e-08,2.22044604925031e-16
1,0.505079872067772,0.934181874813255,1
0,0.142637566084997,2.48554994247293e-06,2.22044604925031e-16
1,0.701100425031795,0.989546459563956,1
0,0.0083681871697164,0.000112370598468227,2.22044604925031e-16
1,0.462486590963647,0.999999995320427,1
0,0.0152966672059421,1.7468816579107e-12,2.22044604925031e-16
0,0.255977491885754,0.436529053333459,0.479554982150118
0,0.0175549975140069,8.39913621065042e-11,2.22044604925031e-16
0,0.0487062247258593,5.45920179407397e-05,2.22044604925031e-16
0,0.0590761204350056,1.94682563692739e-09,2.22044604925031e-16
0,0.0949319121212839,0.743468585954385,2.22044604925031e-16
0,0.109690098813671,3.45002261291851e-11,2.22044604925031e-16
0,0.0209221944472053,3.86457365009419e-06,2.22044604925031e-16
1,0.6117621939807,0.999206531100539,1
0,0.226782788489684,0.000649948096523393,2.22044604925031e-16
1,0.779519277606014,0.999222915426075,1
0,0.0334344577636747,6.47715037814839e-10,2.22044604925031e-16
0,0.0061055267878312,2.08910294426013e-06,2.22044604925031e-16
0,0.0275414334305781,1.16468296684745e-07,2.22044604925031e-16
0,0.0671500187018771,0.0140781280360724,2.22044604925031e-16
1,0.295876428206964,0.980855443854223,1
0,0.0377111803815004,1.9365642687291e-05,2.22044604925031e-16
0,0.00680380685280447,3.46855234097912e-07,2.22044604925031e-16
0,0.160245643513402,0.000159730342768233,2.22044604925031e-16
0,0.649949801840008,0.00761932324963244,2.22044604925031e-16
0,0.936860555173494,0.66454868105502,2.22044604925031e-16
0,0.0412000102817633,3.47589676216941e-09,2.22044604925031e-16
1,0.592562554667735,0.99999161505261,1
0,0.393079655760925,0.0739373642329239,2.22044604925031e-16
1,0.384586319411938,0.999995657728852,1
0,0.152534884592184,0.000830832751453835,2.22044604925031e-16
0,0.0676449046245582,0.00612410281107987,2.22044604925031e-16
0,0.228908930522715,1.06214328785985e-05,2.22044604925031e-16
0,0.00569382837738229,2.79811261497804e-13,2.22044604925031e-16
0,0.060635009403103,5.69470030738532e-06,2.22044604925031e-16
0,0.00228852843531325,2.22044604925031e-16,2.22044604925031e-16
0,0.00434473421069845,5.59586054507913e-11,2.22044604925031e-16
0,0.0228716999425433,5.07508093424701e-06,2.22044604925031e-16
0,0.011348749335855,1.65757129518235e-05,2.22044604925031e-16
0,0.00201043979719118,5.72528593766693e-06,2.22044604925031e-16
1,0.476849039616743,0.997988591458994,1
1,0.83846530434343,0.865960890767108,0.999999999952587
1,0.338054976407014,0.999818522955541,1
1,0.716413084303732,0.99639279952002,1
0,0.601031006061841,0.00128343682621059,2.22044604925031e-16
0,0.095601258945709,0.00302417940082047,2.22044604925031e-16
0,0.1109191745922,0.185765451393434,2.22044604925031e-16
0,0.0237853294304819,1.174416865646e-12,2.22044604925031e-16
1,0.960701064295966,0.999963167811454,1
0,0.279357813767999,0.0151472972618511,2.22044604925031e-16
0,0.0085063035098995,0.00159986889161334,2.22044604925031e-16
0,0.187889478335961,0.00086271340885168,2.22044604925031e-16
0,0.124307113722498,0.028930204036968,2.22044604925031e-16
0,0.0304234731759132,2.49393450021019e-11,2.22044604925031e-16
0,0.0758525041539725,1.352971078976e-05,2.22044604925031e-16
0,0.0982783794877915,4.94150921354562e-08,2.22044604925031e-16
0,0.00700423088876177,2.22044604925031e-16,2.22044604925031e-16
1,0.0811903082262491,0.997431064375037,1
0,0.150781138102566,1.89103964798805e-05,2.22044604925031e-16
1,0.74138725012374,0.984427216796302,1
0,0.00599860928170214,1.15014943576086e-08,2.22044604925031e-16
1,0.342370722767071,0.956308670647873,1
0,0.00697091135606402,3.32202922853077e-08,2.22044604925031e-16
1,0.609304029582765,0.99999778913839,1
0,0.088714691874508,3.78245633701408e-05,2.22044604925031e-16
0,0.0182401921630514,8.67237104348433e-10,2.22044604925031e-16
0,0.135430259854646,0.0251731515053119,2.22044604925031e-16
1,0.538212590119165,0.997546595124891,1
0,0.00496125146278972,1.35908819398011e-12,2.22044604925031e-16
0,0.175430564137056,1.14361130605348e-05,2.22044604925031e-16
0,0.203151162110838,2.20275186269908e-06,2.22044604925031e-16
0,0.116756886612988,0.399229993435207,2.22044604925031e-16
0,0.0397277330413231,6.77605617270476e-09,2.22044604925031e-16
0,0.0194676564520722,3.14451258856132e-13,2.22044604925031e-16
0,0.0441792076134208,5.61806520478949e-09,2.22044604925031e-16
0,0.054264259536259,2.58072611368635e-05,2.22044604925031e-16
0,0.00256165287744927,2.08845626879024e-05,2.22044604925031e-16
0,0.17285178142372,0.449322961002148,2.22044604925031e-16
0,0.630735723953844,0.00157857212759041,2.22044604925031e-16
0,0.613758776335367,0.0941358748547331,2.22044604925031e-16
0,0.466291157495277,0.0173108583630282,2.22044604925031e-16
0,0.0039495044638468,5.79863349748037e-11,2.22044604925031e-16
0,0.440660657738254,0.110362843586526,2.22044604925031e-16
0,0.0317494798695423,9.14202688383813e-12,2.22044604925031e-16
0,0.0661703887360007,2.13538710008924e-05,2.22044604925031e-16
1,0.874155698273739,0.999998253234193,1
0,0.169928779107241,1.98558546760967e-05,2.22044604925031e-16
0,0.59835753978653,0.230547350410355,7.39590078272837e-05
0,0.548273584146984,0.00515152037687523,2.22044604925031e-16
1,0.574377628054408,0.908221239456429,1
1,0.891027731838717,0.999999978827887,1
0,0.0828646985468872,0.00580195133822042,2.22044604925031e-16
1,0.254324604933646,0.998231095012496,1
0,0.0847276748864029,0.00188466331871949,2.22044604925031e-16
0,0.252124216485713,0.000142994726664983,2.22044604925031e-16
0,0.137494183328143,0.000157689282623378,2.22044604925031e-16
1,0.483391713810207,0.999018938429697,1
0,0.524598762936836,0.00114936422459289,2.22044604925031e-16
0,0.115486304954312,0.00595405665553025,2.22044604925031e-16
0,0.0189973538317322,1.10181549672255e-09,2.22044604925031e-16
0,0.415685924451862,9.01387165628028e-10,2.22044604925031e-16
0,0.0470260862152804,0.000331463318672113,2.22044604925031e-16
0,0.107839109354748,1.39487063004982e-09,2.22044604925031e-16
1,0.988914528476813,0.996042201868629,1
0,0.255354951406908,1.1378528719265e-07,2.22044604925031e-16
0,0.0917796326211382,0.0385684019482597,2.22044604925031e-16
0,0.00510497344484417,2.80020488638507e-09,2.22044604925031e-16
0,0.24461741922457,9.64790143751209e-05,2.22044604925031e-16
0,0.0443986857932921,0.00260602007234007,2.22044604925031e-16
0,0.00169489811772618,5.34441522955794e-12,2.22044604925031e-16
1,0.86660847001598,0.999998896144936,1
0,0.00648437074682742,3.85147313447168e-12,2.22044604925031e-16
0,0.472904867519413,0.0422363593173185,2.22044604925031e-16
1,0.237145171638949,0.958811063407795,1
0,0.418662718593704,0.00324580579827499,2.22044604925031e-16
0,0.545643914088213,4.76774122849466e-05,2.22044604925031e-16
1,0.407265932795424,0.91739444580873,1
0,0.0365452568550332,1.80970171374837e-05,2.22044604925031e-16
0,0.478137441016462,3.56903436858787e-05,2.22044604925031e-16
1,0.186996465207563,0.99287191029898,1
0,0.000391774833896401,2.22044604925031e-16,2.22044604925031e-16
0,0.0696330130514156,0.365947605774099,2.22044604925031e-16
0,0.166629483826053,0.00296288837148247,2.22044604925031e-16
1,0.804012447429928,0.999602247686033,1
0,0.0506881771970987,4.26416704153429e-08,2.22044604925031e-16
1,0.0588457015859718,0.983458141597514,1
1,0.531555562501034,0.999999111217749,1
0,0.413747183026873,0.000130667273271592,2.22044604925031e-16
1,0.725355764435568,0.999854440403912,1
0,0.727609226996423,0.250348254890965,2.22044604925031e-16
0,0.179251696171454,0.0181626201095536,2.22044604925031e-16
1,0.187055081838947,0.990527727150736,1
0,0.113660701235218,9.30773255917018e-10,2.22044604925031e-16
0,0.0432983761979187,0.000550496010392641,2.22044604925031e-16
0,0.0825986369787277,2.59543374386173e-06,2.22044604925031e-16
1,0.368300978468495,0.998787457861742,1
0,0.207198613633037,6.55224619097409e-07,2.22044604925031e-16
0,0.0220300025497112,1.97454540567433e-05,2.22044604925031e-16
0,0.3353068653438,4.98693996377698e-07,2.22044604925031e-16
0,0.0047159999062828,8.03743349693861e-12,2.22044604925031e-16
0,0.484287462753232,1.41220556587606e-09,2.22044604925031e-16
0,0.301544990761428,0.0191040484812955,2.22044604925031e-16
1,0.153449846741469,0.999573955570441,1
0,0.219160311818589,0.000531719822045788,2.22044604925031e-16
0,0.129632557026684,0.00859752064523527,2.22044604925031e-16
1,0.313146522885514,0.997423111112462,1
0,0.0862542378557309,3.16081535527155e-09,2.22044604925031e-16
0,0.0409926434653461,4.25022725355911e-05,2.22044604925031e-16
0,0.359508198526525,0.0176180151817781,2.22044604925031e-16
0,0.0131308985915702,2.2870942593636e-12,2.22044604925031e-16
0,0.0648786050185014,0.00311857428891872,2.22044604925031e-16
0,0.0526555992481748,0.0457175324966145,2.22044604925031e-16
1,0.381356971827392,0.921940379596572,1
0,0.0114663099487865,1.62262666792491e-05,2.22044604925031e-16
1,0.725190945140416,0.989260371355169,1
0,0.105190989670864,2.72980543286415e-09,2.22044604925031e-16
0,0.0605036459088971,0.0253905809729105,2.22044604925031e-16
0,0.00124082050928654,2.22044604925031e-16,2.22044604925031e-16
1,0.987359646708224,0.999999997837635,1
0,0.197348203952416,0.00550261447182607,2.22044604925031e-16
1,0.436844427883803,0.995695137484009,1
0,0.222860064505027,8.14454220096794e-07,2.22044604925031e-16
1,0.640969895228415,0.864786186500536,1
0,0.00484909144657041,1.74717404700411e-06,2.22044604925031e-16
0,0.00132434485540216,2.22044604925031e-16,2.22044604925031e-16
0,0.756645606119157,0.00357309008656085,2.22044604925031e-16
0,0.123884859067862,1.96397198002822e-07,2.22044604925031e-16
1,0.108829324554364,0.991284998817767,1
0,0.341593201682378,2.76125482812121e-05,2.22044604925031e-16
1,0.272293235484162,0.863794116958528,1
0,0.0987011098716552,0.0034341944817629,2.22044604925031e-16
0,0.0711315264882328,1.64798218460321e-08,2.22044604925031e-16
0,0.0123305549663467,0.0146367354209719,2.22044604925031e-16
0,0.262070336175496,0.000865093508930197,2.22044604925031e-16
0,0.155072750566881,0.00140538840473049,2.22044604925031e-16
0,0.0196963262456156,9.5514140234956e-07,2.22044604925031e-16
1,0.395935218316624,0.999411956911482,1
0,0.451296204088182,0.243204185794399,2.22044604925031e-16
0,0.0253999711488463,0.000107843359780816,2.22044604925031e-16
1,0.859191259289723,0.999660447054519,1
0,0.251160722820141,0.00128081698549956,2.22044604925031e-16
1,0.939327416488745,0.999999799170756,1
0,0.00550534679183366,3.01198091935081e-06,2.22044604925031e-16
1,0.264698455658481,0.112497954841693,1
0,0.000504069889609262,2.22044604925031e-16,2.22044604925031e-16
0,0.0139747060542519,1.86735491798089e-11,2.22044604925031e-16
0,0.0734864442280814,0.0396737802067678,2.22044604925031e-16
0,0.0565361246106153,2.99218195660252e-07,2.22044604925031e-16
0,0.193933765068671,3.66684076405629e-06,2.22044604925031e-16
0,0.158274633889793,0.135439884120878,2.22044604925031e-16
1,0.263607360257145,0.997957281960041,1
1,0.673298113153516,0.895455668396399,1
0,0.0361479848860915,8.34526073804724e-05,2.22044604925031e-16
1,0.615643826610376,0.678390400274118,1
0,0.035217812385006,1.62438953778649e-09,2.22044604925031e-16
0,0.0166109463058791,6.67744712159961e-10,2.22044604925031e-16
0,0.0257287383176919,2.22044604925031e-16,2.22044604925031e-16
1,0.618108916361578,0.606249391963022,1
0,0.00234481800592678,6.2193246844263e-06,2.22044604925031e-16
0,0.0272965908327798,3.31092466994113e-12,2.22044604925031e-16
0,0.572592376190688,0.129539311207699,2.22044604925031e-16
0,0.0218016184313555,0.000739978894721835,2.22044604925031e-16
1,0.621888279055653,0.988958985042394,1
1,0.921029391509307,0.999765449490471,1
0,0.902052170976105,0.0873085515262078,2.22044604925031e-16
1,0.921996247483585,0.994981378175611,1
0,0.145776269756325,5.13551893237805e-05,2.22044604925031e-16
0,0.00219171096282754,2.23728774267159e-12,2.22044604925031e-16
0,0.0190297106678703,1.22936032119558e-06,2.22044604925031e-16
0,0.562934440672682,0.00273689396982988,2.22044604925031e-16
0,0.00803209113464649,2.26688665397042e-09,2.22044604925031e-16
1,0.420843402442988,0.999191567414206,1
0,0.378526617456824,0.00181366660435517,2.22044604925031e-16
0,0.00931458929577934,1.2664267443664e-10,2.22044604925031e-16
0,0.0309062589214048,1.09641910422589e-10,2.22044604925031e-16
0,0.450184622750707,0.0108407139678135,2.22044604925031e-16
1,0.276357364221624,0.980191330825807,1
0,0.0259283102020097,0.000231201342240504,2.22044604925031e-16
0,0.636365182622369,0.739978942526938,2.22044604925031e-16
0,0.121740981604731,0.563032287550679,2.92222754520148e-07
0,0.0077785313414271,1.90420202536265e-10,2.22044604925031e-16
0,0.014855580979565,2.88407148112253e-07,2.22044604925031e-16
0,0.319836056294153,0.00174583815286697,2.22044604925031e-16
1,0.330623395758046,0.998749361865743,1
0,0.0204612562076469,1.39001969504991e-11,2.22044604925031e-16
0,0.0128579152483078,0.0548337525458095,2.22044604925031e-16
0,0.00289409625690817,5.25254333566209e-06,2.22044604925031e-16
0,0.268496317414466,3.22322231475867e-08,2.22044604925031e-16
1,0.0759568301952348,0.667362076353474,1
0,0.0817842505478118,2.65410816644291e-05,2.22044604925031e-16
0,0.0350595167248342,5.40840751205012e-07,2.22044604925031e-16
1,0.817639453532246,0.948265530946748,1
0,0.0252167183849716,4.9453309677014e-10,2.22044604925031e-16
1,0.946477860072857,0.999999999945654,1
1,0.0924926960965337,0.92003316847804,1
0,0.0395962857329401,3.45833715207164e-13,2.22044604925031e-16
0,0.192965496450611,0.000246753220797696,2.22044604925031e-16
0,0.00224356963305791,2.22044604925031e-16,2.22044604925031e-16
0,0.000120729949784761,2.22044604925031e-16,2.22044604925031e-16
0,0.0358149201969448,1.76750668176123e-12,2.22044604925031e-16
0,0.0343451194705523,2.57119292240418e-09,2.22044604925031e-16
1,0.331711675176304,0.988075001570801,1
1,0.98585250206877,0.998427366438824,1
0,0.051894208763422,1.31697790216798e-05,2.22044604925031e-16
0,0.00748547935952391,8.80856298156058e-05,2.22044604925031e-16
0,0.00487677157410176,1.43709555462501e-06,2.22044604925031e-16
1,0.319239959522271,0.991057104784945,1
0,0.00226935047376771,4.58595685759644e-12,2.22044604925031e-16
0,0.0706237802321699,1.78344382579672e-05,2.22044604925031e-16
0,0.0149755194023902,5.5532296150444e-09,2.22044604925031e-16
0,0.0332209340604245,5.41803749999563e-10,2.22044604925031e-16
1,0.480923603032208,0.850498915381708,1
0,0.0476243668730341,0.00163012541156466,2.22044604925031e-16
0,0.460693489814029,0.0964706065983467,2.22044604925031e-16
0,0.0678677761802795,3.29733637108186e-10,2.22044604925031e-16
0,0.0350348010523678,1.05818564648491e-09,2.22044604925031e-16
0,0.0515434904247352,0.000645257917211529,2.22044604925031e-16
0,0.0835368366714031,1.50073199105473e-09,2.22044604925031e-16
0,0.00404580863519644,2.36451276816028e-05,2.22044604925031e-16
0,0.00405603015228085,1.3663458358283e-09,2.22044604925031e-16
1,0.315385347707742,0.982590442116868,1
0,0.00172326542545252,5.82042717818489e-10,2.22044604925031e-16
1,0.564896288316091,0.999982961697325,1
0,0.2579808508595,3.2421302472201e-07,2.22044604925031e-16
0,0.00336659209489431,2.22044604925031e-16,2.22044604925031e-16
0,0.824465451415565,0.0100932048717778,2.22044604925031e-16
0,0.216398835165217,6.68736327258629e-08,2.22044604925031e-16
1,0.73383759367516,0.961009247136114,1
0,0.213683828644884,4.05917525073463e-05,2.22044604925031e-16
0,0.120856764146328,3.12704323062689e-05,2.22044604925031e-16
0,0.0842749325702651,0.000706606332414569,2.22044604925031e-16
0,0.258232581344014,0.0548345995098695,2.22044604925031e-16
0,0.0131544951659209,2.5624289387298e-09,2.22044604925031e-16
0,0.030130562426572,4.14849422272549e-07,2.22044604925031e-16
0,0.211582933735769,0.0694389248966869,2.22044604925031e-16
0,0.370098824687573,0.00116850183029162,2.22044604925031e-16
0,0.27944147471497,0.00215634647674351,2.22044604925031e-16
1,0.307976122533438,0.934787520782102,1
1,0.791064793015853,0.978654855377686,1
0,0.274524872502322,0.000680009652467665,2.22044604925031e-16
1,0.318438702558192,0.247818362750349,1
0,0.792595049157281,0.0575323376597116,2.22044604925031e-16
1,0.647417946183757,0.999952297363968,1
0,0.0699222893451299,2.52247506514616e-05,2.22044604925031e-16
0,0.301736354669766,0.000709974155529383,2.22044604925031e-16
0,0.10193170575525,0.0249981864255498,2.22044604925031e-16
0,0.000969419116936322,4.40690744105517e-12,2.22044604925031e-16
0,0.0133055016716081,1.68625810376512e-10,2.22044604925031e-16
0,0.193974122716257,4.66675193659169e-06,2.22044604925031e-16
0,0.021476112475079,1.4422477880968e-08,2.22044604925031e-16
0,0.037637975977143,0.00348121978258255,2.22044604925031e-16
0,0.0303583618283924,5.85606369376877e-12,2.22044604925031e-16
0,0.121698592333367,6.54804661785945e-10,2.22044604925031e-16
0,0.347028031179478,0.000715565626934974,2.22044604925031e-16
0,0.104346012722894,1.65547752962034e-09,2.22044604925031e-16
1,0.889423647041645,0.999131201558876,1
0,0.00535550107317965,2.0397860093029e-10,2.22044604925031e-16
0,0.234549440826561,0.0354302179492171,2.22044604925031e-16
0,0.0493807439865285,0.000201942485632699,2.22044604925031e-16
0,0.685599177854056,3.87329801869834e-05,2.22044604925031e-16
0,0.265430632273518,0.0137396934795897,2.22044604925031e-16
0,0.00955860967906717,9.12062648153015e-12,2.22044604925031e-16
0,0.209479909233862,1.56653724591463e-06,2.22044604925031e-16
1,0.232355585365071,0.999360123322987,1
0,0.0163730318216651,4.02731298628296e-13,2.22044604925031e-16
0,0.105660694902362,0.000144647030104111,2.22044604925031e-16
0,0.287133699982407,0.000556856751301225,2.22044604925031e-16
0,0.0083849406833694,3.93150681361426e-10,2.22044604925031e-16
0,0.663720797117172,0.258140225926894,2.22044604925031e-16
0,0.863528217789798,0.316605157295985,2.22044604925031e-16
0,0.0133367847636316,8.70112957374984e-12,2.22044604925031e-16
0,0.00123098738904243,2.63749465165432e-11,2.22044604925031e-16
1,0.671789879242521,0.998638382735031,1
0,0.00674450424593285,1.29989759383843e-06,2.22044604925031e-16
0,0.00142891498888968,1.15830474078365e-13,2.22044604925031e-16
0,0.0028214659795971,2.22044604925031e-16,2.22044604925031e-16
0,0.161570630562793,3.49994600641068e-09,2.22044604925031e-16
1,0.20830234395855,0.959619821136183,1
0,0.0103459357691191,3.5660111238677e-09,2.22044604925031e-16
0,0.198471391167361,3.61120540923832e-10,2.22044604925031e-16
1,0.189298043829759,0.998580242063318,1
0,0.00147370668193383,1.13893707753534e-11,2.22044604925031e-16
0,0.0502267576421547,4.33878701441811e-06,2.22044604925031e-16
0,0.00245563174751115,2.22044604925031e-16,2.22044604925031e-16
0,0.00444579087299782,9.93814681676e-12,2.22044604925031e-16
1,0.25720214640181,0.930179286637729,1
0,0.314975150655564,0.433904015325505,2.22044604925031e-16
0,0.0392025159644644,2.07006442985552e-13,2.22044604925031e-16
0,0.0142642309705942,8.14585406288903e-08,2.22044604925031e-16
0,0.531696849819896,0.00175124665733932,2.22044604925031e-16
0,0.133000127038633,1.41819674525653e-11,2.22044604925031e-16
0,0.30364584989377,8.75805143945438e-05,2.22044604925031e-16
0,0.0494296611973632,0.00993935648573301,2.22044604925031e-16
1,0.492560048441279,0.823990204549967,1
0,0.000476841278362503,2.99277391478708e-10,2.22044604925031e-16
0,0.0436532843097288,0.27417734466097,2.22044604925031e-16
0,0.318527518582555,0.000140911731130869,2.22044604925031e-16
1,0.795744510836611,0.541622816824425,1
0,0.0137505400663696,8.56663643348578e-07,2.22044604925031e-16
0,0.272562704180548,0.000827046637968624,2.22044604925031e-16
0,0.187255891620434,0.584289703136957,2.22044604925031e-16
0,0.217638782795654,2.53024405207229e-08,2.22044604925031e-16
0,0.0767688748802894,0.00915355650085018,2.22044604925031e-16
0,0.365861193864992,0.00705667697712429,2.22044604925031e-16
0,0.288124198305841,5.07959897459384e-06,2.22044604925031e-16
0,0.00711698379293848,3.49843952812353e-08,2.22044604925031e-16
0,0.0505961885418398,1.41188379494925e-11,2.22044604925031e-16
0,0.00613877450166253,2.22044604925031e-16,2.22044604925031e-16
0,0.239532931169281,0.0397441281844993,2.22044604925031e-16
0,0.75429012198402,0.301337100735069,2.22044604925031e-16
0,0.00513713454397788,1.33263905529755e-09,2.22044604925031e-16
0,0.344407044595049,0.0022723644527484,2.22044604925031e-16
0,0.59070019385504,0.000637417006853935,2.22044604925031e-16
1,0.25748956115072,0.31391218984193,1
0,0.0205720292170355,0.000592342432030746,2.22044604925031e-16
1,0.263372373674789,0.687267209662182,1
0,0.086587574013395,2.74195110057814e-05,2.22044604925031e-16
1,0.943760302213649,0.999998772864456,1
1,0.716838435320009,0.873811202195968,1
0,0.0145821120610456,2.57685742531951e-07,2.22044604925031e-16
0,0.022710418055752,7.70674384365555e-08,2.22044604925031e-16
1,0.592733403143815,0.999985672001345,1
0,0.240371681072944,0.078177942657388,2.22044604925031e-16
1,0.803679531598189,0.995469179880155,1
0,0.1199010406007,0.106839534705545,2.22044604925031e-16
1,0.899009134301387,0.999999985905799,1
0,0.321717933945346,3.36824806940681e-05,2.22044604925031e-16
0,0.112611514447186,8.25587680499472e-05,2.22044604925031e-16
0,0.10144536157677,7.06845325987181e-07,2.22044604925031e-16
0,0.0108101369803185,3.55042803343556e-10,2.22044604925031e-16
0,0.11965472517442,0.0405721049491113,2.22044604925031e-16
1,0.316675320023107,0.196058291141972,0.999997710206046
0,0.00675386545795159,7.14511649697604e-11,2.22044604925031e-16
0,0.323532918640193,0.430388273336633,2.22044604925031e-16
0,0.00260621791730152,1.71381713075477e-11,2.22044604925031e-16
0,0.0711678942630607,4.82365949995779e-08,2.22044604925031e-16
0,0.0761280921703539,0.0114891772894841,2.22044604925031e-16
0,0.545896093340089,0.0363796811949549,2.22044604925031e-16
0,0.544136330565077,0.00166983584171084,2.22044604925031e-16
0,0.473288613249724,7.60116834009164e-05,2.22044604925031e-16
1,0.542501161109598,0.998459716251712,1
0,0.0108590522259267,1.42749689872021e-07,2.22044604925031e-16
0,0.112806235794423,1.49105006033206e-05,2.22044604925031e-16
0,0.0115278335324379,1.18292338465932e-07,2.22044604925031e-16
0,0.0897197740291247,0.19293911336301,2.22044604925031e-16
0,0.0194510148982185,9.45005674188829e-13,2.22044604925031e-16
0,0.00788269950004766,7.70061750845155e-06,2.22044604925031e-16
0,0.244834184333839,2.85505617132218e-06,2.22044604925031e-16
1,0.60903340453069,0.961055787132241,1
0,0.214642156266923,0.014126616494035,2.22044604925031e-16
1,0.538371573568572,0.999999536103934,1
0,0.083598855100793,0.0348985955492613,2.22044604925031e-16
0,0.177426452127718,1.30712657429673e-05,2.22044604925031e-16
1,0.962434718180937,0.999999991662845,1
0,0.000637696924981641,2.22044604925031e-16,2.22044604925031e-16
0,0.0512885667211005,0.00121395693436943,2.22044604925031e-16
0,0.0327019798329934,9.0697688936713e-06,2.22044604925031e-16
0,0.154006956392221,0.00122081364289567,2.22044604925031e-16
0,0.000403190506520686,5.10639205264672e-11,2.22044604925031e-16
0,0.263717832590475,1.27002284521699e-06,2.22044604925031e-16
0,0.0225893947438025,2.41727053242553e-08,2.22044604925031e-16
0,0.030004215021245,2.80609422041996e-08,2.22044604925031e-16
0,0.00294194104914104,2.22044604925031e-16,2.22044604925031e-16
0,0.157258832938829,0.17078238626031,2.22044604925031e-16
0,0.0171167573303183,5.00778941974417e-09,2.22044604925031e-16
1,0.554531418852002,0.99990682811223,1
0,0.00795100247856371,5.13211205211621e-06,2.22044604925031e-16
0,0.412585469664998,0.0428700919954,2.22044604925031e-16
0,0.297210666061391,1.16503280847895e-09,2.22044604925031e-16
1,0.650352975860697,0.998996093116677,1
0,0.139553017246653,0.0291042575245097,2.22044604925031e-16
0,0.142842868786602,3.52217233244357e-05,2.22044604925031e-16
0,0.00118429720461883,9.41409657282420e-13,2.22044604925031e-16
0,0.00206658446516395,2.54383923959344e-07,2.22044604925031e-16
0,0.00140171628267779,1.0638162205232e-10,2.22044604925031e-16
0,0.0188037133738485,9.1530575825227e-12,2.22044604925031e-16
0,0.0430023536460808,1.08928868936128e-05,2.22044604925031e-16
0,0.0174900298282899,5.27964226705511e-06,2.22044604925031e-16
0,0.0578620821013502,0.000156920544426476,2.22044604925031e-16
0,0.207802244741205,0.00111927972581021,2.22044604925031e-16
0,0.128623883178213,0.00485515099465269,2.22044604925031e-16
0,0.00395711761843678,2.3080629340002e-12,2.22044604925031e-16
0,0.393109608829435,4.384703054182e-06,2.22044604925031e-16
0,0.491711488136016,4.6942840092939e-08,2.22044604925031e-16
1,0.577443016256603,0.98142495489594,1
0,0.0286080370807604,9.32073396181589e-10,2.22044604925031e-16
0,0.0516849943197724,0.0213328801858551,2.22044604925031e-16
0,0.0193208480570393,3.32598280621047e-09,2.22044604925031e-16
0,0.142996308938162,1.64878503939542e-05,2.22044604925031e-16
0,0.0228433781963717,4.6205930235695e-06,2.22044604925031e-16
0,0.171982822611921,5.90567992366636e-06,2.22044604925031e-16
0,0.00679925400101477,6.98352135960726e-08,2.22044604925031e-16
1,0.788727908837176,0.999999813353479,1
0,0.0658129064775044,3.14549734145559e-06,2.22044604925031e-16
0,0.110461219268537,3.45079338178776e-06,2.22044604925031e-16
0,0.210443879807087,0.00069096715542426,2.22044604925031e-16
0,0.697058880907585,0.00133224779017744,2.22044604925031e-16
0,0.00346296963701809,2.22044604925031e-16,2.22044604925031e-16
0,0.161111655740082,0.00332250459236023,2.22044604925031e-16
1,0.120130389433845,0.583563385512479,1
0,0.42732401485835,3.15229224651529e-08,2.22044604925031e-16
0,0.064420354018618,4.0967503678456e-10,2.22044604925031e-16
0,0.0405255363292571,2.27568440351804e-07,2.22044604925031e-16
0,0.028997360016442,6.58873675180954e-09,2.22044604925031e-16
1,0.45372690544719,0.999991924909093,1
0,0.0392059836198244,1.46763124507596e-05,2.22044604925031e-16
0,0.00614928207362365,1.69561036535234e-06,2.22044604925031e-16
1,0.300574535520584,0.999999925676731,1
0,0.00783049411735444,5.05621155894319e-10,2.22044604925031e-16
0,0.0816158702731666,6.22520744400606e-08,2.22044604925031e-16
1,0.220667448976269,0.263652458144712,1
1,0.360929242185589,0.97757663083167,1
0,0.102014586059315,0.00041063980952097,2.22044604925031e-16
0,0.039939939185055,0.00268103906028694,2.22044604925031e-16
0,0.716314030470636,0.0102423444666591,2.22044604925031e-16
0,0.132279425046753,1.73221942799342e-06,2.22044604925031e-16
0,0.00156555675882039,3.78492445838867e-11,2.22044604925031e-16
0,0.0138485947888561,3.38078351659715e-08,2.22044604925031e-16
0,0.055621530562838,9.80962733726245e-06,2.22044604925031e-16
1,0.200907688417414,0.999977025261821,1
1,0.291837476080271,0.870016376912126,1
0,0.00386351462286222,1.23321065389718e-10,2.22044604925031e-16
0,0.172732212160676,4.97412019212653e-06,2.22044604925031e-16
0,0.000383936597361537,2.22044604925031e-16,2.22044604925031e-16
0,0.452284080471639,0.00888779644174532,2.22044604925031e-16
0,0.263955280784637,4.50722652045188e-11,2.22044604925031e-16
0,0.1674084158278,0.0143307665475046,2.22044604925031e-16
0,0.149403495095052,4.10607322215034e-05,2.22044604925031e-16
0,0.0285061539494486,0.00044331723320576,2.22044604925031e-16
0,0.172015565422634,9.81342934777232e-05,2.22044604925031e-16
0,0.0149676941350038,1.01653972479689e-09,2.22044604925031e-16
0,0.24984550802984,1.05325352103232e-05,2.22044604925031e-16
0,0.0258869427057081,4.21460433132605e-07,2.22044604925031e-16
1,0.29983784596711,0.958521826146052,1
0,0.803731147223291,0.00106709279422376,2.22044604925031e-16
0,0.0199239969430317,2.30584900034301e-06,2.22044604925031e-16
1,0.12496052519234,0.971458593303573,1
0,0.0979756044143969,0.0269362801022951,2.22044604925031e-16
0,0.306061535589304,0.00374847103960683,2.22044604925031e-16
0,0.000349890022179469,2.22044604925031e-16,2.22044604925031e-16
1,0.975412281545164,0.999999529387185,1
0,0.0264328815763646,6.06871765885651e-11,2.22044604925031e-16
0,0.0801949544653739,1.30128356811953e-05,2.22044604925031e-16
1,0.191852001151452,0.998283955896066,1
0,0.666289365797348,1.61229227854099e-07,2.22044604925031e-16
0,0.00141557821716239,2.22044604925031e-16,2.22044604925031e-16
0,0.616171561939993,0.079276035175396,2.22044604925031e-16
0,0.0619368441983878,3.43729260946527e-06,2.22044604925031e-16
0,0.352584016712448,0.0135114393353929,2.22044604925031e-16
0,0.055813642854272,3.05299270438907e-05,2.22044604925031e-16
0,0.000980237409558508,1.07810918108579e-12,2.22044604925031e-16
0,0.0298474811204887,5.04706750385016e-06,2.22044604925031e-16
1,0.534309364782118,0.248802560440011,1
0,0.586096867428465,0.0297147225804806,2.22044604925031e-16
0,0.0500287375164935,2.0950654368221e-05,2.22044604925031e-16
0,0.176404730843132,0.00275882540593957,2.22044604925031e-16
1,0.361262123082044,0.999982561285605,1
0,0.0629725492095258,1.82449847224478e-12,2.22044604925031e-16
0,0.134018335965047,3.18652814006095e-06,2.22044604925031e-16
0,0.0116274659506228,5.71348816763842e-06,2.22044604925031e-16
0,0.0209418027396367,0.0289218209837137,2.22044604925031e-16
1,0.0533770934752711,0.957320402764131,1
0,0.540937129887833,0.0104019995910616,2.22044604925031e-16
0,0.19167241491928,0.00251101700349315,2.22044604925031e-16
0,0.533555214172561,0.106560588885263,2.22044604925031e-16
0,0.145516307000551,1.13139118760595e-05,2.22044604925031e-16
1,0.30891957114365,0.981100038935957,1
1,0.938348834428049,0.999994030716109,1
1,0.510749894671635,0.558087084500739,1
0,0.140042028266806,2.22210445356951e-08,2.22044604925031e-16
0,0.0285018054510269,6.03453245477943e-08,2.22044604925031e-16
0,0.0894361779133984,0.00718896622479307,2.22044604925031e-16
1,0.545566133272349,0.440186273619977,0.999999999999525
0,0.0387629268169679,4.18999130637523e-08,2.22044604925031e-16
0,0.169513798871171,0.034020785168716,2.22044604925031e-16
1,0.0713811089135994,0.768896603086463,1
0,0.00698270659391996,1.28813703560976e-10,2.22044604925031e-16
0,0.071651683593048,0.0024220574283678,2.22044604925031e-16
1,0.955781647844903,0.999999993388055,1
0,0.0103718862439313,2.88328248991956e-05,2.22044604925031e-16
0,0.0158936570060406,4.02407392223388e-07,2.22044604925031e-16
0,0.0159649389414655,8.27858501078788e-06,2.22044604925031e-16
1,0.783685758151484,0.999917035254786,1
0,0.364214013356995,0.0558865192339225,2.22044604925031e-16
0,0.233232326235485,0.00312120713281329,2.22044604925031e-16
0,0.0277812816962926,2.24569836590798e-06,2.22044604925031e-16
1,0.906930745966175,0.999276940351862,1
1,0.681585474339158,0.860423095312325,1
0,0.066254563514463,0.00108448506991694,2.22044604925031e-16
0,0.704693934345837,0.00201819399986518,2.22044604925031e-16
0,0.0923494141593775,1.24570574090513e-05,2.22044604925031e-16
0,0.172794959780778,0.00899729730501266,2.22044604925031e-16
1,0.911910095473401,0.999999999536197,1
0,0.0549068557606368,4.85473404805069e-05,2.22044604925031e-16
0,0.00320977571361728,2.30157308576365e-10,2.22044604925031e-16
1,0.961120513149845,0.999504203211709,1
0,0.215387229094608,0.00659839121245555,2.22044604925031e-16
0,0.00759783597014199,2.22044604925031e-16,2.22044604925031e-16
0,0.213297542750341,8.33875558164463e-06,2.22044604925031e-16
0,0.0759177896006792,0.157073688318725,2.22044604925031e-16
0,0.0404897458146482,1.26376363559025e-10,2.22044604925031e-16
0,0.332202479252679,0.000389424685360133,2.22044604925031e-16
1,0.864206834437781,0.996064431705546,1
0,0.159174353067867,1.26681865407932e-07,2.22044604925031e-16
0,0.00401929099505539,0.00878885933889252,2.22044604925031e-16
0,0.186785483457946,0.00198521026273592,2.22044604925031e-16
0,0.267095406791598,0.00164073445845412,2.22044604925031e-16
1,0.334811993527363,0.893412915742249,1
1,0.0769980971721666,0.527310838223248,0.999959809123232
1,0.846461802871429,0.999999981633186,1
0,0.0416132285810918,3.39768064714832e-06,2.22044604925031e-16
0,0.295924124808291,0.000298059200906963,2.22044604925031e-16
0,0.0111850031355453,0.00817488117203071,2.22044604925031e-16
1,0.25017172975711,0.94787699020195,1
1,0.438999435616038,0.99998447598684,1
0,0.00818728018298483,1.04059457508207e-06,2.22044604925031e-16
0,0.116635174903383,0.00192925600395484,2.22044604925031e-16
0,0.0496867196840115,4.06416826586682e-09,2.22044604925031e-16
0,0.0821523151936358,4.32536202580642e-10,2.22044604925031e-16
0,0.0432683180677364,2.95237963878555e-05,2.22044604925031e-16
0,0.0488364289874115,5.16235612408844e-11,2.22044604925031e-16
0,0.0413028791297485,3.67956627459041e-07,2.22044604925031e-16
0,0.127650586285109,0.00141721375810803,2.22044604925031e-16
0,0.0371375095687918,5.29339114767812e-06,2.22044604925031e-16
0,0.0167324834756335,7.69957423194099e-05,2.22044604925031e-16
0,0.381383447989837,0.00107226902394196,2.22044604925031e-16
0,0.126793140494593,0.0368946752708651,2.22044604925031e-16
0,0.0124083973726093,1.55372010680178e-13,2.22044604925031e-16
0,0.00333077537303085,5.51236929154286e-09,2.22044604925031e-16
0,0.0949965463402079,0.000104878311133603,2.22044604925031e-16
0,0.102367314648106,9.0038333140352e-12,2.22044604925031e-16
0,0.257070770106005,2.78927335035352e-07,2.22044604925031e-16
0,0.122955075617462,0.0125866616669694,2.22044604925031e-16
0,0.174139349188557,7.90396627920088e-06,2.22044604925031e-16
0,0.0130427816046767,3.46814669589664e-07,2.22044604925031e-16
0,0.0130543063267559,7.72023437235836e-10,2.22044604925031e-16
0,0.0465387431619879,2.01197016418067e-07,2.22044604925031e-16
1,0.425292038924227,0.782766336873126,1
0,0.355310337395922,0.248900483880599,2.22044604925031e-16
1,0.422696147943742,0.577203998384901,1
0,0.00880667256140472,1.26948168382526e-09,2.22044604925031e-16
0,0.0446186709954125,2.17845604746988e-05,2.22044604925031e-16
0,0.56334601451477,0.020760983984636,2.22044604925031e-16
0,0.0215019810850332,3.06435413967591e-06,2.22044604925031e-16
0,0.0540280502900567,2.03434800072273e-07,2.22044604925031e-16
0,0.111196564397422,2.14805294947033e-08,2.22044604925031e-16
0,0.0271619599637662,3.22040559969234e-10,2.22044604925031e-16
1,0.0943154876964856,0.857316082588605,1
0,0.0371497063488153,1.01576295834199e-11,2.22044604925031e-16
0,0.015898445057944,2.03727090242717e-08,2.22044604925031e-16
0,0.0120096604107169,1.30711337439665e-06,2.22044604925031e-16
0,0.0417821373719716,2.22044604925031e-16,2.22044604925031e-16
0,0.00233310532643952,2.09848376200525e-09,2.22044604925031e-16
0,0.00598262573465142,1.04792710264003e-10,2.22044604925031e-16
0,0.0366314583385432,4.18386114840753e-07,2.22044604925031e-16
0,0.00164728550729233,3.18887814912416e-11,2.22044604925031e-16
0,0.797134261399526,0.860215554829206,2.22044604925031e-16
1,0.799799466311493,0.999956013054822,1
0,0.0107917940928797,3.16228932753227e-10,2.22044604925031e-16
0,0.239383997802748,4.18916468197694e-06,2.22044604925031e-16
0,0.155848034734903,1.27500836868549e-07,2.22044604925031e-16
0,0.00116722070409363,7.45614883015204e-11,2.22044604925031e-16
1,0.60492989602994,0.999999495559501,1
1,0.72784347285145,0.999927494039016,1
0,0.00980075019806894,1.8560156860827e-07,2.22044604925031e-16
1,0.479950134680638,0.956687430145232,1
1,0.55547810486269,0.999953192900851,1
0,0.00682581323586716,2.22044604925031e-16,2.22044604925031e-16
1,0.302845081157015,0.94320161598681,1
0,0.471051386112618,0.00108350473618619,2.22044604925031e-16
0,0.0112737686676105,0.130441126177149,2.22044604925031e-16
0,0.32291225711046,0.00391960289651401,2.22044604925031e-16
0,0.247465125817225,0.00219504448730835,2.22044604925031e-16
0,0.182492373311254,0.0491035343033882,2.22044604925031e-16
0,0.00609409878561152,1.70037748403217e-06,2.22044604925031e-16
0,0.243534463475563,0.0663830061977865,2.22044604925031e-16
0,0.0202370354208871,7.32125341510269e-06,2.22044604925031e-16
1,0.1963400917516,0.948497368672406,1
0,0.245403309870559,0.000212092184401864,2.22044604925031e-16
0,0.146641776110767,0.000210807794421287,2.22044604925031e-16
0,0.0255786130038966,5.87780102721583e-10,2.22044604925031e-16
0,0.475394205516727,7.0007087343671e-05,2.22044604925031e-16
0,0.392818961642953,0.00712148748501656,2.22044604925031e-16
0,0.0175379557299756,1.25464328930066e-08,2.22044604925031e-16
0,0.0340816008095783,2.53446380900091e-06,2.22044604925031e-16
0,0.0178913087982135,2.10983983543371e-06,2.22044604925031e-16
0,0.241279601414451,0.615992077487358,2.22044604925031e-16
0,0.0102219382106493,4.73739100216728e-09,2.22044604925031e-16
0,0.481886785871628,0.128445563629739,2.22044604925031e-16
0,0.482305857924,4.31880535329615e-05,2.22044604925031e-16
0,0.00214923743360197,2.44818471866262e-12,2.22044604925031e-16
0,0.00475952789366834,7.26228182902415e-09,2.22044604925031e-16
0,0.0550188406677322,1.76450429023689e-07,2.22044604925031e-16
0,0.172102174176481,0.000193588497078916,2.22044604925031e-16
0,0.329559723271522,0.00120582152174625,2.22044604925031e-16
0,0.0844552355170836,8.09474287645868e-07,2.22044604925031e-16
0,0.386933485024209,0.349458014169698,2.22044604925031e-16
0,0.0339794936821288,1.55924399690843e-07,2.22044604925031e-16
0,0.531727305467447,1.04136246629919e-07,2.22044604925031e-16
1,0.710951152334807,0.999999962182255,1
1,0.495865257520714,0.936693949309127,1
0,0.0430360032790931,1.94526921525965e-08,2.22044604925031e-16
1,0.588981755337506,0.999506869612006,1
1,0.932812949169364,0.99999999938708,1
0,0.154622895721076,1.52197261598619e-06,2.22044604925031e-16
0,0.113824878868904,2.26201002256702e-07,2.22044604925031e-16
0,0.626827413224609,0.965862830307919,2.22044604925031e-16
0,0.152900926578353,8.87190869511377e-05,2.22044604925031e-16
1,0.965836432627198,0.999482612846413,1
0,0.00746908351079332,1.97791178320445e-06,2.22044604925031e-16
0,0.0125239183780983,1.17148375492878e-13,2.22044604925031e-16
0,0.20843812649454,2.43250084760655e-07,2.22044604925031e-16
0,0.320821836567875,0.146662567963706,0.000151557576482704
0,0.0725270500335507,0.000161137569216436,2.22044604925031e-16
0,0.197037431957334,0.0031183883031338,2.22044604925031e-16
1,0.885816976203153,0.994731398675364,1
0,0.225446031791159,0.00448805745468779,2.22044604925031e-16
0,0.0689455759176844,5.62150312688472e-07,2.22044604925031e-16
0,0.161633943768942,0.00509930484100464,2.22044604925031e-16
1,0.414271877145359,0.999432650159911,1
0,0.142071780703831,4.30656848426188e-06,2.22044604925031e-16
1,0.108849267220053,0.922571910581268,1
0,0.0252933051354743,2.92702461269149e-07,2.22044604925031e-16
0,0.0510519758419427,0.00972509379768246,2.22044604925031e-16
1,0.66979090857889,0.996476614183078,1
0,0.00775258504593609,3.69849921576905e-12,2.22044604925031e-16
0,0.396886527149339,0.00382774364373272,2.22044604925031e-16
0,0.00127442374075188,1.73214655228263e-13,2.22044604925031e-16
0,0.266917930569929,7.21101175080101e-06,2.22044604925031e-16
0,0.252455588589943,0.000247079205197332,2.22044604925031e-16
1,0.710187826818073,0.999827272620702,1
1,0.345145654762043,0.186629698987245,1
